ASV_ID	HM1_IT_MF	HM2_IT_MF	HM3_IT_MF	HM4_IT_MF	HM5_IT_MF	MRG1_IT_MF	MRG2_IT_MF	MRG3_IT_MF	MRG4_IT_MF	MRG5_IT_MF	WML1_IT_MF	WML2_IT_MF	WML3_IT_MF	WML4_IT_MF	WML5_IT_MF	XB_IT_MF
786f561bdd17566de66e70e9831d8636	918	4817	6149	45241	0	3981	150779	79	13096	0	113	0	391	180	0	72
018c3ee12f682090d674e96c2d5ac2c1	2244	79435	9915	4292	1267	48	13287	7746	7250	5220	515	2473	0	0	0	0
addd57bd3b3937b61b32dece26f8f166	0	0	0	58038	0	0	0	0	0	0	0	3577	3218	4886	0	0
a6cbea730d2ae8135c02c9447b6c1022	1104	13637	2052	14955	676	6	7440	4307	4758	2218	542	1717	4417	5894	2396	1588
17b6fa43d717f42a7084a62b84aa49dc	266	30872	4231	7090	247	0	3350	1509	3518	1757	334	959	0	0	0	0
70a542ba14c320ce7ac8414ddf50994c	8806	0	0	31196	5593	0	0	0	0	0	2946	3698	0	0	0	0
8e43592b10d3b91ea72da2b9b1e9ffd4	0	0	0	39624	0	0	0	0	0	0	1018	0	0	0	0	0
95f63cecd6dfec3dd9c4eebcb7a4e32f	218	9394	1967	1068	949	0	9045	3208	3401	1364	259	653	604	5064	352	98
10c227e87a25415bb8731154ed48ed09	355	15449	2297	1592	126	0	11356	1021	788	580	93	352	0	0	0	0
88c07027c7ac300c32beba4c9ce17b13	34	18188	2040	1938	398	0	2121	2649	232	1118	201	713	4	482	140	5
1716555bb1b20170fc0bce51f5d2463f	0	0	0	26711	0	0	0	0	0	0	0	0	0	0	0	0
5f63ec727e616921dec54f7e7b85941c	0	0	0	0	0	0	0	0	0	0	0	0	25866	35	0	0
2ab00842d083b4a9a2f876c7552ec95c	0	0	0	18507	4100	0	0	0	0	0	0	915	0	0	0	0
d1e476849f7d98617d8deb661eae2919	20192	0	0	0	0	0	0	0	0	0	2694	0	0	0	0	0
7afa500f3eb7105fae229aef70f85e4c	0	0	3676	0	3654	0	0	0	0	0	0	0	3010	4996	0	6992
9fbc1cb42f33a592ccfd67382a13ac31	118	12832	1482	2646	214	26	3118	45	1325	39	0	0	0	37	36	329
2958e0381122a30176a6c71ed42caed8	362	14361	1793	20	138	0	2239	716	639	731	161	655	0	0	0	0
72fe6e074c918798c457dfa57f155d84	154	2236	965	236	2	53	16576	13	279	0	0	0	428	722	10	56
8fc90304f0da8bda603fa8fd8dd69d87	0	0	0	0	0	76	19866	0	0	0	0	0	0	0	0	0
0c15ee2999cbc7acb86fb494ae65a36d	0	0	69	13201	0	74	5722	0	19	0	0	0	0	0	0	0
377eb8b4ca0b49f26114c22470b3d9de	0	0	0	0	0	0	0	17628	0	0	0	0	0	0	0	0
3d485f80afd961dab9d323473aab3eb2	0	0	0	0	0	17348	0	0	0	0	0	0	0	0	0	0
35cef6b3a716191eaf53bc453aa086d1	0	0	0	0	1534	0	0	0	0	0	0	0	0	13057	0	1046
d0587f348f1616fdabfe7fa00ae8da5a	0	0	0	0	0	0	0	0	0	0	0	0	0	8366	0	5783
3db7f492170d76da7bcb931341f15ffb	2874	0	0	0	0	0	0	0	0	0	2886	2284	2629	2168	0	0
a02ef7f5fb571ba596f7846802d3ce4b	0	0	0	0	0	0	0	0	12465	0	0	0	0	0	0	0
c583cd107f6d3d56eed42bb3959fd8a4	99	41	242	411	0	11	8805	0	1792	0	0	0	0	0	0	0
cb2a03ab368aa1d960172e68de0625da	11	63	20	79	8	3	4083	1	13	0	6	9	553	4749	277	854
0b7827a55021712818337667e7a43d36	0	7037	20	0	0	0	87	1107	292	1092	51	376	213	0	183	227
df89a616cc7b4041921fc07ed6644d01	4269	0	0	0	0	0	0	0	0	0	6293	0	0	0	0	0
cbec66f68264aed2957363d388c0ea8c	9	190	0	9173	109	0	0	4	7	0	173	256	0	0	0	0
81bf5a8a4ec4a1ec6e805dfab980c76b	0	0	0	9441	0	0	0	0	0	0	0	0	0	0	0	0
b5df7552df5a218bf4d98dbc6434c131	0	0	0	0	0	0	0	0	0	0	0	0	1746	4845	1672	971
0330359827481174c289b4deb31778d3	1561	3441	1252	100	59	0	2126	13	110	445	37	0	0	0	0	0
5c5a59229c40e2a05e1534b7770d9b09	7490	0	0	0	0	0	0	0	0	0	0	0	0	0	0	0
8ee62601489403187465b1da7741d62f	571	2790	706	0	216	0	2760	6	0	0	152	109	76	56	0	13
021894b0fb53efba858572f4880d1e0b	0	0	0	0	0	0	0	0	0	0	0	0	0	0	0	6821
4fec8dfe29719f649e7b6611a98f7848	0	6798	0	0	0	0	0	0	0	0	0	0	0	0	0	0
53da414e783253c265815eed83c9f8f1	0	0	0	0	0	0	0	0	0	0	0	0	6753	0	0	0
634620191e08a119977f3e48dcf6abf4	0	6616	0	0	0	0	0	0	0	0	0	0	0	0	0	0
bff56af3da67ff559e50940ae4d87ef6	4578	0	0	0	1511	110	0	0	0	0	0	0	0	0	0	0
4001df5c86ab209b37ab690d1f328db5	119	15	0	149	125	0	11	3	33	0	237	209	1705	1894	1040	488
af92147938574d60e49486e9abc86b43	1	14	618	749	0	17	4348	0	162	0	10	0	0	0	0	0
2cc040b0ffcbe426436a68fa2b3279c3	2020	0	0	0	0	0	0	0	0	0	0	0	0	3658	0	0
2dab3068cb6092ddac37141ccf003888	0	0	0	0	0	0	0	0	0	0	0	0	0	0	0	5501
6dd83acbe9f104a069fbcc280f249d0f	9	0	396	203	8	70	4686	0	13	0	0	0	0	0	0	0
1d2a88d63970d502a222c61cf8e828f9	0	0	5262	0	0	0	0	0	0	0	0	0	0	0	0	0
ba2e8ff38d6c174e1098b80a270a240f	0	0	0	0	0	0	0	0	0	0	0	0	0	5259	0	0
1d036c0a3226f4ffcc5dae49513933da	5	119	192	1163	0	15	3560	0	31	0	0	0	0	0	0	0
3474a5520d16cb535276bc8e28a40d0e	4871	0	0	0	0	0	0	0	0	0	0	0	0	0	0	0
fa44b88efee61880209ac1dbad7608d4	0	0	0	0	0	0	0	0	0	0	0	0	3031	1839	0	0
2d223f6a58614adbcc18c17b701079c4	179	165	321	2236	0	0	162	0	30	57	155	463	92	15	0	888
395d4812683ec13c86d19dfee060baaa	0	0	0	0	0	0	0	0	0	0	0	0	0	2087	0	2517
9ff0cc5088aa38c49987028b3d009b5b	5	14	0	3905	0	0	6	0	0	0	0	0	187	24	20	363
2d0fd3a5f535c04dd7ae64892e205b17	32	161	543	25	0	18	3598	34	93	0	0	0	0	0	0	0
e2c99b65c77f54d1e9cac5f93cd5e499	0	0	0	134	0	0	3008	0	1201	0	0	0	0	0	0	0
a2f8f87f4b7ab50125a2356ee9401c91	0	1611	120	2	0	0	2130	3	148	0	52	3	0	0	0	0
a5cba573782ac358ad4b00acaa58e91f	87	0	1001	9	0	6	548	0	328	0	0	0	1293	553	0	124
fa804ba945f94d34436bf0eb7bfbb9bb	0	9	89	0	0	19	3817	0	0	0	0	0	0	0	0	0
9c512723007ac042a4e90f62d94efe08	2143	0	0	0	0	0	0	0	0	0	1739	0	0	0	0	0
f82b28352a5156511e601edc30b0c0d4	0	0	0	0	0	0	3792	0	0	0	0	0	0	0	0	0
0c04f0021c3cb47229141506e0bddddd	0	0	0	0	0	0	0	0	0	0	0	0	1057	2571	36	0
9b632bcbc872b828ddc97504e119cdb9	43	636	588	50	0	5	2273	0	49	0	0	0	0	0	0	0
be99e417b0bc74a87c021da061bcd800	7	0	526	1789	0	0	951	225	58	0	0	0	0	0	0	0
fac2e7950849eb541c52388389c078ac	0	0	0	3553	0	0	0	0	0	0	0	0	0	0	0	0
b9c17d55edeac6a5a201d13c5c871048	0	0	0	0	0	0	3320	0	0	0	25	0	15	0	0	68
6808ecbdfbf40a6781dcffc3c0cf7164	0	0	3413	0	0	0	0	0	0	0	0	0	0	0	0	0
586703deac2b165850aa5664ee0f1538	0	0	0	3390	0	0	0	0	0	0	0	0	0	0	0	0
107782bce69cfd460314010e70e2572e	0	0	0	0	0	0	0	0	0	0	0	3348	0	0	0	0
381e0599096e35435c384184c34c8007	0	0	0	0	0	0	3307	0	0	0	0	0	0	0	0	0
e75110e493a85f1f5bc70a4f083f7cf3	0	0	0	0	0	0	0	0	0	3144	0	0	0	0	0	0
6ebe9a33ab2e2ebd1b89fc2c34702f43	157	0	0	0	0	0	2923	0	0	0	0	45	0	0	0	0
30dbc19aebe8cfde3574cd7b9bb00a5c	0	0	0	3093	0	0	0	0	0	0	0	0	0	0	0	0
e540983469403e962f31c49f06b44284	14	0	0	0	0	0	0	0	0	0	11	3	222	1445	813	557
7b1a63f2f56dbfe9d6ce4646c0d85d77	0	0	0	0	0	0	0	0	0	0	0	0	0	3061	0	0
246880cd9cd3d6651c432318b2678bcb	0	0	0	0	0	0	0	0	0	0	0	0	0	0	0	3018
a1c073a7294f7bb81b5add31cc6f0cc8	0	1575	59	0	0	0	1382	0	0	0	0	0	0	0	0	0
4108a1618909a4ed26c974c372125845	0	0	0	0	0	0	0	0	0	0	0	0	0	2980	0	0
fbf040d40cc79bed78f5ad0a3debc9f8	2	4	24	0	9	0	507	0	189	0	1	2	623	1478	18	106
ff9a33ad38ed9c66758cc50ef0fbb1ae	0	0	0	0	0	0	0	2834	0	0	0	0	0	0	0	0
225a3a5dac8435893dec9ea7dd4d0054	0	0	0	0	0	0	0	0	0	0	13	0	2238	431	0	0
71fbf073204141e59d30dfbedbce94f5	0	0	0	0	0	0	0	0	0	0	0	0	830	1825	0	15
214dc7a80627b86fb616ff1ef1c981a7	0	0	0	0	0	0	0	0	0	0	0	0	253	1608	0	800
9bcce9a25a72073b94abe1f73562bfa1	0	0	0	0	0	0	0	0	0	0	0	0	14	865	0	1704
ab45842c7a9e0f4ee377686285bcd01e	0	0	0	0	0	0	0	0	0	0	0	0	1638	355	509	61
c5d284a441d2857e67f937c7e5a407ab	0	0	0	0	0	0	0	0	2538	0	0	0	0	0	0	0
cf33739fe7d287f698ec40002c083cba	512	0	0	0	0	0	1978	0	17	0	0	0	0	0	0	0
b295ebed009543b74b59d6f3b5484e61	0	0	0	0	0	0	55	0	0	0	0	0	132	1356	0	865
df2bf55aacf71a3d4fbcb7ccb59bc3e8	0	0	0	0	0	0	0	0	0	0	0	0	2395	0	0	0
f914371f8d6d0b5efb1e0bf46a7edd27	0	2327	0	0	0	0	0	0	0	0	0	0	0	0	0	0
e17de3fdde867bb3919ff41e22afded0	0	0	0	0	0	0	1939	0	5	0	10	0	11	299	0	7
cbb1bf3033a8a0650dbc5568046200dd	7	0	23	390	0	0	147	27	212	0	32	19	923	313	51	111
9523e5e19fa2eb77562a7d6b7a9540af	0	0	0	0	0	0	0	0	0	0	0	0	252	210	140	1601
6ec42da05f437eed02acfad1fec8501e	0	0	0	0	0	0	0	0	0	0	0	0	2199	0	0	0
4c94aef08fdf872e1650c8024f545ef1	0	0	0	0	0	0	0	0	0	0	0	0	166	707	6	1278
2545a118c337932312380f208b074339	33	0	0	0	0	0	2000	0	0	0	5	4	68	11	0	0
5f80d0b0370538e8ab5eff8d97192682	0	0	0	1684	0	0	431	0	0	0	0	0	0	0	0	0
20d7d941c3d1345d1ada296189d383a5	0	0	10	0	0	0	10	0	7	0	139	39	253	345	0	1298
c4a0bc153e7e7c515caefec2104e16c8	0	0	0	0	0	0	0	0	0	0	0	0	2058	0	0	0
afe2b6f875be602cae8f3301d1677cd0	0	0	0	1972	0	0	0	0	0	0	0	0	0	0	0	0
fc5f77fecd80b4959b5e82cd749ecf92	0	45	0	3	3	0	34	1241	129	27	0	30	0	0	0	457
6bdd1104ef4c5f2a4a98a45c544479c6	0	0	0	0	0	0	1967	0	0	0	0	0	0	0	0	0
f59f401fd8713b04ab99213fd307637a	1929	0	0	0	0	0	0	0	0	0	0	0	0	0	0	0
8332cd0cf7cc35abecab948eba0ba342	0	0	0	1916	0	0	0	0	0	0	0	0	0	0	0	0
cfba088a58e56a6e56f56d83a1af2261	0	1	28	0	0	1	1876	0	0	0	0	0	0	0	0	5
700264da0fa5a527e0bef3be4c9d45b2	108	16	112	0	0	163	698	0	754	0	0	0	0	0	0	0
0eae6641613e097b1519d922b9cde171	0	0	0	0	0	0	1794	0	0	0	0	0	0	0	0	0
bbbf89b476a5ddc169dd5fc370818257	158	998	22	2	20	26	271	33	39	99	12	98	0	0	0	0
791488aa69bed4baa665eaacc5a778a2	0	0	0	0	0	0	0	0	0	0	0	0	356	1208	13	162
992b10b2e864d3ac588be8b01a2b99b7	0	1331	84	42	0	0	0	13	87	12	0	37	0	0	0	0
9d70e2be896f27bb0beb2fac50881bab	31	0	36	374	0	0	1091	0	19	0	0	0	0	0	0	0
7d9f439bae2e434bbef6fe077ec92099	0	0	0	0	1527	0	0	0	0	0	0	0	0	0	0	0
9d19f1d82de8398d23b2a6ce59c18a85	0	0	0	0	0	6	1514	0	0	0	0	0	0	0	0	0
634c5a7a769f470ba34d7f2ac473cc2e	0	0	609	0	0	0	794	0	109	0	0	0	0	0	0	0
3964c5a770c9f7de910e9d4fd8991252	0	0	0	0	0	1510	0	0	0	0	0	0	0	0	0	0
d363797257fc5f49c8ec0c9e6cbf7392	0	0	0	0	0	0	0	0	0	0	0	0	0	1504	0	0
118ae0c4b04dd38f1320ee5c6cc6940b	13	0	231	0	0	0	1217	0	0	0	0	0	0	0	0	0
29d88a5eca733a858114e5b0e0318b3b	0	0	0	0	0	0	0	0	0	0	1448	0	0	0	0	0
2aeb9d83e532547b73922a57b3061be1	0	590	78	0	0	16	698	0	51	0	0	0	0	0	0	0
bd3cadf68abcfe18dd467364455b6885	0	0	0	0	4	0	77	0	0	0	0	0	324	837	76	108
ec0c607d3bdcea3c0b0c087dec23f9d0	0	0	0	1421	0	0	0	0	0	0	0	0	0	0	0	0
02afebb71268594917fa69fbc6637889	0	0	3	0	0	0	69	0	31	1300	0	0	3	0	0	0
ed4523abcfe5517c17eeafffed8c7793	0	0	0	0	0	0	0	0	0	0	0	0	150	1240	0	0
884b04ae4ccbc324db9b8c682388b648	0	0	0	0	0	0	0	0	0	0	0	0	1365	0	0	0
e898128a229d93900c43d7aa70b7dc63	0	0	0	0	0	1351	0	0	0	0	0	0	0	0	0	0
9a81c56dd012791ea4bddaf0a4c4f118	0	1316	0	0	0	0	0	0	0	0	0	0	0	0	0	0
c8a78073f1eb1341892f18c774bba357	3	342	0	0	0	0	969	0	0	0	0	0	0	0	0	0
8c3ff0eea0eaee6b36e972c0dc20e2fb	22	541	0	2	153	0	292	0	10	252	0	0	0	0	0	0
7cabbe357d8ff1869844076f8300f094	0	0	0	0	0	0	0	1272	0	0	0	0	0	0	0	0
d8b12e6c49647c811b6beed70c775e8a	0	0	0	0	0	0	0	0	0	0	0	0	0	0	1269	0
010c16a2869ebdcac15cd5fb336ddbca	0	0	0	0	0	1251	0	0	0	0	0	0	0	0	0	0
54593b355a7103d50b2743ad207227f5	0	0	0	0	0	0	1201	0	48	0	0	0	0	0	0	0
14358e4fee4c2254383cf18e54cec32f	0	0	0	0	0	0	0	0	0	0	0	0	215	978	28	0
76851c4819310e474e9ade0411294946	0	0	0	0	0	0	1194	0	0	0	0	0	0	0	0	0
40cc8e5b1176e692c03d6138915a858d	0	865	0	4	135	0	0	0	37	0	9	0	30	81	2	19
9a0d9ae27bdf3a292006353417ad821d	0	0	0	187	0	0	0	0	97	0	3	19	217	627	27	0
97dbcf582345b2119191dbd97b3feb0b	0	0	562	0	0	25	580	0	0	0	0	0	0	0	0	0
5dec978917d781f907f00d0d3be66bc6	0	0	0	0	0	0	0	0	0	0	0	0	275	589	0	303
8ebcc6dc7ae11c54e6bb74591f0df02d	0	0	0	0	0	0	1162	0	0	0	0	0	0	0	0	0
5289a72188094b36ccd15f454384e3ae	0	12	0	0	7	0	1139	0	2	0	0	0	0	0	0	0
f73771718f15b91016b137f542b7a869	0	0	0	42	0	0	1038	76	0	0	0	0	0	0	0	0
28e85bfea6249021b26a2f9b296bb0a4	0	0	0	0	0	0	786	0	353	0	0	0	0	0	0	0
a13768007e510d8531e4bbc949e58495	0	0	0	0	51	0	0	0	0	0	0	53	0	399	126	486
bd45fae96df354ae51a262df8c41d897	0	0	0	1112	0	0	0	0	0	0	0	0	0	0	0	0
d3f29508867d3188bf8503eb2b172a05	0	0	0	0	0	0	0	0	0	0	0	0	661	438	0	0
e59e4d3bc25d24158fc827e08a2ab3a3	0	0	0	2	100	0	0	0	190	0	0	0	148	642	0	14
8c10cb471b09c491c5a01866c3c3ecab	0	0	0	0	0	0	1083	0	0	0	0	0	0	0	0	0
3c1eb41fcfc3624fc9b4b2dea7cdc468	0	1061	0	0	0	0	0	0	0	0	0	0	0	0	0	0
37c23d78b41bb0dd055f6c20f2873b75	0	0	0	0	0	0	0	0	0	0	0	0	163	620	214	41
1979a5c6dca1a25724708c9df2b8879b	0	0	1033	0	0	0	0	0	0	0	0	0	0	0	0	0
6f2f292d2e1cf0218b4617ee9af8fbbc	0	0	0	0	0	0	1024	0	0	0	0	0	0	0	0	0
9db6567b34f2ca77a9d5648f4ea1e6c1	0	0	0	0	2	0	811	0	0	0	21	3	9	0	0	168
7f96c3e2ce13eeab6c411c42e401866c	0	0	0	0	0	0	1010	0	0	0	0	0	0	0	0	0
45ad9900264df50bb97f4d8cbb0ba310	0	0	0	1009	0	0	0	0	0	0	0	0	0	0	0	0
2f55585bc32ad78d9880a2c267918a6e	0	0	0	0	0	0	999	0	0	0	0	0	0	0	0	0
2f87e59457283a028c6080c17cad0e19	0	99	447	0	0	0	17	73	131	47	0	183	0	0	0	0
9f59f05cac688336b47cb08e9a98547e	0	0	19	759	25	0	0	136	0	4	0	54	0	0	0	0
59671d4177a45077977b0bb706f58b4c	0	0	0	0	0	0	0	0	0	0	0	0	225	432	0	340
7f7210c3d5c378acb619b9cfe4f24542	0	0	0	0	0	0	0	0	0	0	0	0	187	799	0	0
963d4c4188159ac347049605f96336e2	0	0	0	343	0	0	0	0	0	0	4	212	180	58	0	171
cc50ad6f943f8092524df7c2130ddd36	0	0	20	0	0	0	488	0	402	50	0	0	0	0	0	0
d1ed21c5c5dacd85b6f4c3e364ad2772	30	29	0	0	96	52	712	0	0	0	26	10	0	0	0	0
e76722810379849ddb4873246996d4b2	0	0	0	0	0	0	949	0	0	0	0	0	0	0	0	0
379417b244ad95140c819c020919e388	0	0	0	947	0	0	0	0	0	0	0	0	0	0	0	0
d4bdf640c8bffdf5f20811fd82b96e28	0	923	0	0	0	0	0	0	0	0	0	0	0	0	0	0
92c2ce812efec353cf56ffadb53a4660	0	900	0	0	0	0	0	0	0	0	0	0	0	0	0	0
bd4b07d8904449130e8c7ff8d78a73db	0	0	68	827	0	0	0	0	0	0	0	0	0	0	0	0
f1d79aae806489588c6f362e59f3202f	0	0	0	0	0	893	0	0	0	0	0	0	0	0	0	0
7160589788fd4a242a3fe9ff50fab6ed	0	0	0	884	0	0	0	0	0	0	0	0	0	0	0	0
e6a33835b87a376d8776dd844c87974f	0	0	0	0	0	0	0	0	0	0	882	0	0	0	0	0
859cc1aa4f445ebd4dc47a61bbdfbe96	0	0	0	0	0	0	881	0	0	0	0	0	0	0	0	0
103cda11383d5a1d2aee7f0bef4c32f1	0	0	0	0	0	0	869	0	0	0	0	0	0	0	0	0
374874a6145834adf3afec88c8634aec	0	0	0	0	0	0	869	0	0	0	0	0	0	0	0	0
b7c74080ed5724ef26150d8598efdcd1	0	863	0	0	0	0	0	0	0	0	0	0	0	0	0	0
775f4e7b688dd637a01ad3116e3d8793	0	0	0	0	0	0	855	0	0	0	0	0	0	0	0	0
24d1b28a8517a9d4e55b7987eec8ccd8	0	0	0	0	0	0	0	0	0	0	0	0	0	854	0	0
4583d35d165a5eec53bd8398da72eee0	0	0	0	849	0	0	0	0	0	0	0	0	0	0	0	0
98631fbdf69fcf45e57a5ab1ff9d6a3d	0	0	0	0	0	0	0	0	0	0	0	0	0	827	0	0
45ed22e351cb464492ad2d10f1803f4d	0	5	8	0	0	0	439	0	373	0	0	0	0	0	0	0
a82a26c3beb9d046d0da035551b04803	0	0	46	0	0	0	22	0	0	0	0	0	207	452	0	86
be539967141f2c8b93e65c6f84d5723a	0	0	0	0	813	0	0	0	0	0	0	0	0	0	0	0
d2cd3a72ac1b70c0960183b6bc09957c	0	0	0	0	0	0	0	0	0	0	0	0	0	808	0	0
6131cbb299963f2af8e2e9cd83fab0c7	0	0	0	0	0	0	805	0	0	0	0	0	0	0	0	0
d11867c1159cf2283afe86a1dc4786aa	0	0	798	0	0	0	0	0	0	0	0	0	0	0	0	0
f9eb0d3f39d3466e14fb5cb8d93d9ea4	0	0	72	169	0	0	525	0	0	0	0	0	0	32	0	0
1c602ef26f0ceac67cd0ef48fed010dd	0	7	756	0	0	0	27	0	0	0	0	0	0	0	0	0
53f3786f9520bade3fe03cd17338ca62	0	0	8	0	0	0	742	0	38	0	1	0	0	0	0	0
fbfb8a11527167f6b53d31f7f389b237	0	0	0	785	0	0	0	0	0	0	0	0	0	0	0	0
cd659033c410238d869c0a3f44800b70	0	0	0	783	0	0	0	0	0	0	0	0	0	0	0	0
3bc40b5d2957a5639ecae36cb0537b99	0	0	0	0	0	0	0	0	0	0	0	205	64	81	234	199
3bdd0a764ac380e33de7ca5b45ca51f0	15	0	12	46	45	96	565	0	0	0	0	0	0	0	0	0
6db33f78f222365f989c50be6c6f33a3	774	0	0	0	0	0	0	0	0	0	0	0	0	0	0	0
3801ea88b3034de2010101d85fbb492f	10	0	8	0	0	15	227	0	4	0	28	0	65	379	30	0
00430018412b44cb8a8a1719d8eca73e	0	0	0	0	0	759	0	0	0	0	0	0	0	0	0	0
b955ac0bd0d9d01b2bb55c1d7985f75d	757	0	0	0	0	0	0	0	0	0	0	0	0	0	0	0
b154afa658f97ce2c660cba799023df1	0	60	135	75	19	0	26	20	368	0	0	38	0	0	0	9
2eed9f0bd9e3490564fcff2aec9cf0fd	0	0	0	0	0	0	275	0	0	0	0	0	0	475	0	0
2a1fb82870846b20a30a9ea879052db6	9	0	0	0	0	0	0	0	0	0	0	0	34	625	63	0
3e0912ac40299a3bb347c7ae2b3d281d	0	0	0	0	0	0	0	0	0	0	0	0	0	0	0	731
a1af3b0de84982c1659d2d0c823ce885	0	0	0	0	0	0	722	0	0	0	0	0	0	0	0	0
b3eb85be72d9725b55c16e916a40b3a5	0	0	0	0	0	0	0	0	0	0	0	0	37	517	0	165
17fb60e7106144251570a72366e5a72f	0	0	0	0	0	0	709	0	0	0	0	0	0	0	0	0
8d455f1194e7ae554539dc0cd95dfdb5	0	708	0	0	0	0	0	0	0	0	0	0	0	0	0	0
34145478f493893f4867896c2386c8b2	0	44	0	0	0	0	73	0	0	0	2	0	113	309	30	137
e170724e8515c27ff6249e4d634b1f3b	0	0	0	0	0	0	0	0	693	0	0	0	0	0	0	0
035f0028312ac3b4f09f9476d2e6001b	0	0	0	0	0	0	0	0	0	0	0	0	227	465	0	0
6b66b195b6a2ff521fcc5feed0b72057	0	0	0	0	0	0	687	0	0	0	0	0	0	0	0	0
cafb2fd800581d55676accf6a425fe46	0	0	0	0	0	0	0	0	0	0	0	0	0	0	0	680
639c0f19a06a04e80261dd283cdf76b9	0	641	0	0	0	0	37	0	0	0	0	0	0	0	0	0
787a4a0bbfe891529372dfe032109abc	0	0	0	0	0	0	0	0	0	0	0	0	156	0	344	178
5cb3909459722cdb9dbbd2c4b00b0913	0	0	0	0	0	0	673	0	0	0	0	0	0	0	0	0
91171a376975373c9c1a33c1fb49ea9c	0	0	0	0	0	0	0	0	0	0	0	0	10	615	0	44
f69b3e48c80666f35fe2d1de8b9f3e7a	6	0	0	0	0	0	653	0	0	0	0	0	0	0	0	0
a079040ce5bb713f4006bff2e9c7b1b4	0	0	0	0	0	0	0	0	0	0	0	0	0	0	0	659
63a89d462a79edd2e55ed7bebbe69662	0	0	0	0	0	0	656	0	0	0	0	0	0	0	0	0
84599a4ea8b37fc5c94d0834db5bf3d7	0	0	0	0	0	0	0	0	0	0	0	0	0	516	0	138
859e1b4a0136ecb461786055a36c8908	0	0	0	0	0	0	0	0	0	0	0	0	85	564	0	0
408ed5f3bddf1cccaadb08aff6f2e42b	0	0	0	0	0	0	645	0	0	0	0	0	0	0	0	0
06457c0b487ac5ad0423441ae3e97cce	0	0	0	0	0	0	0	0	0	0	639	0	0	0	0	0
e1b9760b35d278c8927f5f4f647a6fee	0	0	0	0	0	0	637	0	0	0	0	0	0	0	0	0
f8c898361a14c5b1d673c1557c67091d	0	0	1	0	0	0	467	0	0	0	24	14	9	46	0	74
42fcb8f456f67d9e5836e8b968ccf42c	0	0	0	628	0	0	0	0	0	0	0	0	0	0	0	0
643f340b8fbf102c079c93643ae24066	0	0	0	0	0	626	0	0	0	0	0	0	0	0	0	0
26c647c6103a3ecde9d2804f223b799b	0	0	0	0	0	0	0	0	590	0	4	0	0	11	0	0
a98cab980f3fa09628f2cb50cde3290e	0	0	0	0	97	0	0	0	0	504	0	0	0	0	0	0
df0789ca05a62c5cbc5732955a2d69dc	0	0	0	0	0	0	601	0	0	0	0	0	0	0	0	0
0ed42163345f95c2ce3583989781fdff	583	0	0	0	0	0	0	0	0	0	0	0	0	0	0	0
b9f384d04f4302c350c5b13ae60c3495	0	0	0	0	0	0	0	0	0	0	0	0	0	582	0	0
8398dae3ceb801a71dde29d13b0e2ec3	0	22	15	0	0	1	537	0	0	0	0	0	0	0	0	0
633838d932c607f91621f2aa3ced4943	0	0	0	0	0	0	570	0	0	0	0	0	0	0	0	0
6cdb2f95849fb12a89eb2d152ed4f30e	0	0	0	0	0	0	0	0	0	0	0	0	0	568	0	0
70b0c80b28e6d4769f4658be526a964e	9	0	0	413	0	0	145	0	0	0	0	0	0	0	0	0
940d6e63567c56d4485939aab62762f8	0	0	0	0	0	0	497	0	0	0	0	0	62	0	0	0
81034ee9205a1e27a182bef17c9a702e	0	554	0	0	0	0	0	0	0	0	0	0	0	0	0	0
3f254bcae4f79cd6851a4341cc0ee47c	0	0	0	0	0	0	0	0	0	0	0	0	549	0	0	0
a658ac89255678ded09d3f6b1e58b475	0	0	0	546	0	0	0	0	0	0	0	0	0	0	0	0
736a2569b132275a00362d0c30f6bf9e	0	0	0	0	0	0	0	0	0	0	0	0	0	0	0	545
7ad168a157ce75c83c7ad2afcbc87aad	0	0	0	0	0	0	0	0	0	0	0	0	0	543	0	0
52090dc5b2ea4bfff5653bb71855b608	0	541	0	0	0	0	0	0	0	0	0	0	0	0	0	0
63bba50b8de60488e952abbc93022f7f	0	0	0	0	0	0	0	0	0	0	0	0	0	539	0	0
9bb9eff1c5507cce7ba3ca406fd7ee13	0	0	0	0	0	299	230	0	0	0	0	0	0	0	0	0
6297f0a622ae4cf2fd599b884e9a68e6	0	0	0	0	0	0	0	0	0	0	0	0	0	0	0	529
55b641074f4b41027d49f5ab1aadf109	0	0	0	0	0	0	524	0	0	0	0	0	0	0	0	0
4261184d1bfcaa0eeeecc164a1f639c4	0	0	3	0	0	3	496	0	21	0	0	0	0	0	0	0
2307432ded7dc4a48b957571d4bfb323	0	0	0	0	129	0	47	0	0	0	0	0	253	93	0	0
32ec89f6c99d2397b1c5427f9d7a439a	0	510	0	0	0	0	0	0	0	0	0	0	0	0	0	0
20bc6a44736cfb0c2ad0fa8a5a33b9bd	0	0	0	0	0	0	497	0	0	0	0	0	0	0	0	0
e34aebbeaf8307619f3c9cc207deb5a0	0	495	0	0	0	0	0	0	0	0	0	0	0	0	0	0
6c93605722475bdd95d32fec078ed0d7	0	0	0	0	0	492	0	0	0	0	0	0	0	0	0	0
49d0a300c5b706c88b4c1c4653d0b2b2	0	0	0	0	0	0	0	0	0	0	0	0	0	488	0	0
8b9404be9be396d1c7df7bb3ad50864a	0	0	0	0	0	0	0	0	0	0	485	0	0	0	0	0
0454ea59ac55830b431f5cc010b0cc3e	22	0	153	20	11	17	252	0	0	0	0	4	0	0	0	0
b57a3d31714a264776c7e01ebe1d30ac	0	0	0	0	36	0	0	0	0	0	13	34	223	71	8	91
221b5a9c6c8aed92f700d60bb6f41cd1	0	471	0	0	0	0	0	0	0	0	0	0	0	0	0	0
d680161a9990cadbd8176cf7dbe92955	0	464	0	0	0	0	0	0	0	0	0	0	0	0	0	0
8006dc3893853bfab1b844af62fa91cb	0	0	0	0	0	0	464	0	0	0	0	0	0	0	0	0
28aff991af4e3b6f0f4b88c4779d5328	0	0	0	0	0	0	0	0	0	0	0	0	45	298	114	0
51925176224ea16c7c980fe198317be4	0	0	0	0	0	0	0	0	0	0	0	0	0	0	457	0
2b39387e7b23dab5d8df2dca06d6eeab	0	0	0	0	0	0	450	0	0	0	0	0	0	0	0	0
c67c5fe456c69f24781a7bd1fb7fa4e2	0	0	0	0	0	0	448	0	0	0	0	0	0	0	0	0
4be0304767b7446426e15b24f415b03d	0	447	0	0	0	0	0	0	0	0	0	0	0	0	0	0
98bb8116144ea12f954a2963c5b45130	93	0	0	0	0	0	353	0	0	0	0	0	0	0	0	0
52ab5efe45f4b8230ac150616cf6da37	0	0	0	0	0	0	0	0	0	0	0	0	443	0	0	0
2dcf06bf5fc4c981c860b8e6e9af98b8	0	0	0	440	0	0	0	0	0	0	0	0	0	0	0	0
9966b025342c75f99771a9417945c98d	0	0	318	0	0	0	121	0	0	0	0	0	0	0	0	0
fd58636d3363c791394d2e4de6043273	0	0	0	0	0	0	439	0	0	0	0	0	0	0	0	0
44841b40e36c3ab049d8023507329238	0	0	0	438	0	0	0	0	0	0	0	0	0	0	0	0
d27f0204f66f542774519d3360b7436a	0	0	0	0	0	0	0	0	0	0	0	0	0	437	0	0
816834d8f64011864e353f0e4ab42840	0	427	0	0	0	0	0	0	0	0	0	0	0	0	0	0
8969a51d52bcb1940900eae4cb58682f	0	0	0	425	0	0	0	0	0	0	0	0	0	0	0	0
a97a438add6778bf7ee56590d1c50dbc	0	0	0	0	0	0	419	0	0	0	0	0	0	0	0	0
8aa25082c3d06806b0691cd461a09dd8	0	0	0	0	0	0	0	419	0	0	0	0	0	0	0	0
d25aae2011c2a2755de99e138c2093ac	0	0	0	117	0	0	299	0	0	0	0	0	0	0	0	0
e1fe0086971b27c3fc568084d3da3677	0	0	0	0	0	0	415	0	0	0	0	0	0	0	0	0
a5d0524f9ee846a1e79d94f714ba17ea	0	414	0	0	0	0	0	0	0	0	0	0	0	0	0	0
09a14685ccf4faeb64a9b04d4b3f5e82	0	0	0	412	0	0	0	0	0	0	0	0	0	0	0	0
bfdeafcbb8630e493cd2619ddc8f739f	0	0	0	0	0	0	0	0	0	0	0	0	88	322	0	0
3b72b2bd0fff26aaf8371d408a96be82	0	401	0	0	0	0	0	0	0	0	0	0	0	0	0	0
b7d03bb30c0cbf80c2f99ab5f70b64b1	0	0	0	399	0	0	0	0	0	0	0	0	0	0	0	0
f8661b82e8fb8f5fee0442df49b4c803	4	0	0	0	4	0	0	0	0	0	0	0	0	0	0	390
5fd4f2eaaed6b5737a4ec5239d5b2750	0	153	0	0	0	0	234	0	9	0	0	0	0	0	0	0
98a5ba36375ed6d0339f5f630c8dd3c1	0	0	396	0	0	0	0	0	0	0	0	0	0	0	0	0
ce009e7f6cbd7c9999fe40818e4acaef	0	0	0	0	0	0	0	0	0	0	0	0	314	0	0	81
8069b93d3979ba88314a7784ca4d089f	0	0	0	0	0	0	0	0	0	0	0	0	0	0	0	391
a2595f8dff3a4f679da3d0e51d4bc57a	0	0	0	383	0	0	0	0	0	0	0	0	0	0	0	0
9a355fa10e74f2ec5b40a7e81ae832dc	0	0	0	0	0	0	383	0	0	0	0	0	0	0	0	0
7cedfc52dd4aa7f2384080d2ac432ad1	0	0	0	0	0	0	0	0	0	0	0	0	0	379	0	0
341c0ca6e54e6a162dfddd2b3cf04b2b	0	0	0	0	0	0	0	0	0	0	0	0	0	377	0	0
7fb39dccca0ee742356d562058ebfe0a	0	0	0	0	0	0	0	376	0	0	0	0	0	0	0	0
471d7f0440e80db10ea60d825db3f3cb	0	0	0	0	0	0	0	0	375	0	0	0	0	0	0	0
b5f3d2ece2107b6aaf5cd769c638a98f	0	0	0	0	0	0	374	0	0	0	0	0	0	0	0	0
4a50e955f61c4b180d2d19eefde10b43	0	0	0	0	0	0	0	0	5	0	0	255	0	0	66	43
95b3e53ae4b5bca68573aaa92fe532b0	0	0	0	0	0	0	0	0	0	0	0	0	0	369	0	0
f9438d701a1892de518d91926d6e1e41	0	367	0	0	0	0	0	0	0	0	0	0	0	0	0	0
e7af05e888109a3a6a5be97603ab51bb	0	0	0	0	0	0	0	0	0	0	0	0	0	0	0	365
a3ebedad763398162c74dbe36990b6aa	0	0	0	0	0	0	363	0	0	0	0	0	0	0	0	0
28e7000302aa7fc42c93f6ec25b20df2	189	0	0	0	0	0	3	0	167	0	0	0	0	0	0	0
3d28455d5400224bec962e1ade6a85c8	0	0	0	0	0	0	0	0	0	0	0	0	0	357	0	0
d01a7fc44cdb3903cb8c06635c4ef2b4	0	0	0	0	0	356	0	0	0	0	0	0	0	0	0	0
399478b659902b1ff899d54f6120b3a2	0	0	0	0	0	0	0	356	0	0	0	0	0	0	0	0
a5bd4810e98a779314258384060082f5	0	0	0	0	0	0	354	0	0	0	0	0	0	0	0	0
c5a8317ac655db13a8ffddf307ce0075	0	0	0	0	0	0	0	0	0	0	0	0	23	199	0	130
2477c3124fd4a5256d10b5d8d11ce2db	0	0	0	0	0	0	0	0	0	0	0	0	0	0	0	350
91e38bebd54ef0caec4fa61990c31a18	0	0	0	0	0	0	347	0	0	0	0	0	0	0	0	0
f24b0b824a89b50ce3d9a6d95e7a9db9	0	0	0	0	0	0	346	0	0	0	0	0	0	0	0	0
815ea342f2fc392208c22d36449df564	0	0	0	0	0	0	344	0	0	0	0	0	0	0	0	0
1452e889de7c85883eebb54553208d54	0	0	0	0	0	0	341	0	0	0	0	0	0	0	0	0
f917f0f8864352d0a853b41d10d5173a	0	0	338	0	0	0	0	0	0	0	0	0	0	0	0	0
82ca3741e6459f2cdfe79f86a655b45b	0	0	0	0	0	0	0	0	0	0	0	336	0	0	0	0
93464e5508b52f24286a993d8e8a473b	0	0	0	0	0	0	329	0	0	0	0	0	0	0	0	0
ffc7ec5fa25d98ea1568438cc7b70831	0	0	0	0	0	0	0	0	0	0	0	3	236	59	30	0
6981b5dd356d4955012d44c1f374b132	0	0	0	0	0	0	0	0	0	0	0	0	0	322	0	0
b7ec6b8b093fff6d3557fdc7ee4ded00	0	0	0	318	0	0	0	0	0	0	0	0	0	0	0	0
7c4f026770c07e7e1a8ae046bd2bc3bc	0	0	0	0	0	0	316	0	0	0	0	0	0	0	0	0
dde940181a2ab8831c3f4b6dca725fe0	0	0	0	0	0	0	0	0	0	0	0	0	0	314	0	0
6c7aa03c122cd1d5dcf40b688fda094e	0	0	313	0	0	0	0	0	0	0	0	0	0	0	0	0
d4085a99ca439ca641f1adfc2246552b	0	0	0	0	0	0	0	0	0	0	0	0	312	0	0	0
0f3cd32dde0501a5c57ce4b40e42e1fa	0	0	0	0	0	0	310	0	0	0	0	0	0	0	0	0
aff476bb124a5f120b5474b632d824f9	0	0	0	0	0	0	310	0	0	0	0	0	0	0	0	0
74ea6333c02cb9b5ddba987abbfde64c	0	169	0	0	0	0	0	0	0	0	137	0	0	0	0	0
a2c6fbf4db6b46071926fbc891fb17f2	0	0	0	304	0	0	0	0	0	0	0	0	0	0	0	0
bb2d02b6a85fdfbfbf124637e93fdf07	0	0	0	0	0	0	302	0	0	0	0	0	0	0	0	0
eab4c2368430167fb4e4b136ebb8774b	0	0	0	0	0	0	0	0	0	0	0	0	0	0	0	302
aab6ca4e221976c0dca82c20bf7a7e5d	0	0	0	0	0	0	0	0	0	0	0	0	299	0	0	0
406cb8d04036a0cc6efcd7813a0adecc	297	0	0	0	0	0	0	0	0	0	0	0	0	0	0	0
74e83581ca6491418cc8869eb1ac47e1	0	0	0	293	0	0	0	0	0	0	0	0	0	0	0	0
914a86e6f01b2705d00db90f59ce3460	0	0	0	0	0	0	293	0	0	0	0	0	0	0	0	0
7da462bee3bb6e3c037e8aab948fc852	0	292	0	0	0	0	0	0	0	0	0	0	0	0	0	0
0d32ddc0e31f5cea5c905b3c3e8dd37c	0	0	0	0	0	0	290	0	0	0	0	0	0	0	0	0
477bd17b30bb19680bd556b0223389bc	0	0	0	0	0	0	0	0	0	0	0	0	0	289	0	0
947aa2ab93f6cb443846146b536592ee	0	287	0	0	0	0	0	0	0	0	0	0	0	0	0	0
6ea12fd784e002b01102311c0b9283bb	0	286	0	0	0	0	0	0	0	0	0	0	0	0	0	0
1c07381f3231aac332648cbd76fbeb52	0	0	0	0	0	0	0	0	0	0	0	283	0	0	0	0
14e82cd7bc2ba0d4efe2afc2b8e787a1	0	0	0	0	0	0	0	0	0	0	0	0	282	0	0	0
6036d8a6a91bac8bddac9454c1bf73f6	0	0	0	0	0	0	0	0	0	0	0	0	0	0	0	282
ab1178ada033436e0366d1e1db975a36	0	0	0	0	0	0	281	0	0	0	0	0	0	0	0	0
b6b0b70bc0d5561d30518ea5b3686856	0	280	0	0	0	0	0	0	0	0	0	0	0	0	0	0
7b93b05f044040d77b117b53ad05e6cb	17	0	0	15	0	0	139	0	104	0	0	0	0	0	0	0
052216c6264ecba709c7a0e760855c71	273	0	0	0	0	0	0	0	0	0	0	0	0	0	0	0
607062db68b817860d1585951c123c71	0	0	0	0	0	0	272	0	0	0	0	0	0	0	0	0
fc53c4268af338f48c63132a6b75f8e9	0	0	271	0	0	0	0	0	0	0	0	0	0	0	0	0
3e87a78cec3561f170891364cc4ba469	0	0	0	0	0	0	0	0	270	0	0	0	0	0	0	0
c1f7aba7d99cee5c7e3781e525eb6304	0	0	0	0	0	0	0	0	0	0	0	0	0	268	0	0
e21ae8041de34e4efc02f4ac43e6f2a9	0	267	0	0	0	0	0	0	0	0	0	0	0	0	0	0
011cb1b0ca4a088c0da3f092a427fed1	0	0	0	0	0	0	265	0	0	0	0	0	0	0	0	0
c366f643fa6f85297790f4b2b798612b	0	0	0	0	0	0	0	0	264	0	0	0	0	0	0	0
2772d11c9a2ba42ceb48bbb12f06d7db	0	0	0	0	0	0	263	0	0	0	0	0	0	0	0	0
b7f8b876721b3efdd6da849d691ea424	0	0	0	0	0	0	144	0	0	0	0	0	9	110	0	0
0ab6e2be6c58a235a6f7a0d23768c099	0	0	0	261	0	0	0	0	0	0	0	0	0	0	0	0
9f797d15d17f097c8c518a539056d006	0	0	0	0	0	0	0	0	0	0	0	0	0	0	0	261
9968a2eec1393d36e4258242d87b4821	0	0	0	0	0	0	260	0	0	0	0	0	0	0	0	0
e77dd2a9802a5c99d32914e41a9bb4e5	0	0	0	259	0	0	0	0	0	0	0	0	0	0	0	0
3713b40c876d57725698d6f987d46f84	0	0	0	0	0	0	0	0	0	0	0	0	0	180	0	78
c0115264bb1ca73077c6b6394f00969e	0	0	0	0	0	0	0	0	0	0	0	0	0	254	0	0
0e4a50eee3e45354615bded8fefd1295	0	0	0	0	0	0	252	0	0	0	0	0	0	0	0	0
296cdf6254bac0dad4e94f33d2f230bf	0	0	0	0	0	0	251	0	0	0	0	0	0	0	0	0
67ef975f0fd39d3540164875dfe57d1c	0	0	0	0	0	0	0	0	250	0	0	0	0	0	0	0
57c0846fff15b6c687fdffda005c9a26	0	0	0	0	0	0	0	0	0	0	0	0	250	0	0	0
a43ff3152b8f06c44d106ec2a05e7d1c	0	0	0	0	0	0	0	249	0	0	0	0	0	0	0	0
f0285062b7f6b57cbe3768a9c39e2307	0	248	0	0	0	0	0	0	0	0	0	0	0	0	0	0
dbec466ba086fe399de7a24b56615619	0	0	0	0	0	248	0	0	0	0	0	0	0	0	0	0
38fa564e1c2c93191e0068d7f90abdfe	0	0	0	0	0	0	246	0	0	0	0	0	0	0	0	0
ac454ca2e07ab3e85893f4b21e2318c1	0	245	0	0	0	0	0	0	0	0	0	0	0	0	0	0
dfb762e560df2d3f6cee9f5f3005e005	0	57	19	0	0	0	169	0	0	0	0	0	0	0	0	0
d688bc416b3dcc47fb4d0c4e167d52c8	0	0	0	0	0	0	245	0	0	0	0	0	0	0	0	0
3559a4266c3fc71168bba76108384bd5	0	0	0	0	0	0	0	83	0	0	0	0	0	3	0	159
bafcaaf6ee9270e2d7e44e152eba55fa	153	0	29	0	0	0	0	0	0	0	0	0	4	33	0	25
db2ed93397e2f6ded80b1a2224a7da4e	79	0	0	0	0	0	0	0	0	1	13	0	25	96	0	30
e2d0476d50790f9a2aa0fac77ae6efd7	0	0	0	13	6	0	0	0	5	0	0	7	0	10	100	103
235355d9567d5f1e6b8c6567232c3dc8	0	0	0	0	0	0	0	0	243	0	0	0	0	0	0	0
c4b47a3514aa6c4230a2ad6078b49f11	0	0	0	0	0	0	0	0	0	0	0	0	0	0	0	239
9ad43e398101506e18855551f42fab97	92	0	0	0	0	0	0	0	0	0	18	0	0	0	0	128
a82df51d139a62476db69ec71d0cec8b	0	0	0	0	0	0	0	0	0	0	0	0	238	0	0	0
bb9dd6e7afd4ed037960900fd5b81f40	0	0	0	2	0	0	235	0	0	0	0	0	0	0	0	0
2ddbf3c5ebf2839cb344bd232389fd10	0	0	0	0	0	0	0	0	237	0	0	0	0	0	0	0
cecd659c8bdfb8ef682ec2e2172e8625	0	0	0	0	0	0	234	0	0	0	0	0	0	0	0	0
f64b5233ad10c514d8d7ccb4484a3979	0	0	0	0	0	0	233	0	0	0	0	0	0	0	0	0
e431c436a1d9ef1b8b0b49b3030d04b3	0	0	0	0	0	0	0	0	233	0	0	0	0	0	0	0
31b676bae737b362b4a84bd5a2c48e76	0	0	0	0	0	0	0	0	0	0	0	0	0	0	233	0
ef7175d8c4c9c3f3c75a2c12f946694e	0	0	0	0	0	0	0	0	0	0	0	0	0	0	0	232
220f6e9b68f953f4bb7508a49d73161b	0	0	0	231	0	0	0	0	0	0	0	0	0	0	0	0
681e627591aff0a063c9a3f7b2c1b2ed	0	0	0	0	0	0	229	0	0	0	0	0	0	0	0	0
bb826ea08722406e36641adf4e78a754	0	0	0	228	0	0	0	0	0	0	0	0	0	0	0	0
74c0aa5d096c68bb390b953642491c62	0	0	0	0	0	0	227	0	0	0	0	0	0	0	0	0
35b2eab179c5bc9c25da32640ab1da25	0	0	0	0	0	0	0	0	0	0	0	0	0	227	0	0
8aa677bc501c38a251a983e2462df1b9	0	0	0	0	0	0	0	0	0	0	226	0	0	0	0	0
7bfee60878c4ef4ac407f47b1bdd1245	0	222	0	0	0	0	0	0	0	0	0	0	0	0	0	0
33e5b5170f7e109d5c1c2779223a6221	0	0	0	0	0	0	0	0	222	0	0	0	0	0	0	0
fff020403e1bb0c721b3b6bc599f1f4c	0	0	0	221	0	0	0	0	0	0	0	0	0	0	0	0
ed25caeadcacf95e991d8c5d02fbca95	0	0	0	167	54	0	0	0	0	0	0	0	0	0	0	0
ba6f499e962601b9310ff3a0da742066	0	0	0	0	0	0	221	0	0	0	0	0	0	0	0	0
4296e52caf3d29f14b4ce5ee6e5b3a82	0	0	0	0	0	0	0	0	0	0	0	0	0	219	0	0
b0c24dd03469e3dbd4d61bda9a1d6a0d	0	0	0	0	0	0	0	0	0	0	218	0	0	0	0	0
ab7a89ab9360b5e43b4ee7ad9b78d0e8	0	0	217	0	0	0	0	0	0	0	0	0	0	0	0	0
44e572285288af192878b82c41c334ee	216	0	0	0	0	0	0	0	0	0	0	0	0	0	0	0
35ba9dab2c18b712f03585b5625218e6	0	0	47	0	0	0	169	0	0	0	0	0	0	0	0	0
675698b7008bfe349eff24d348c6be1f	0	0	0	0	0	0	0	0	0	0	0	0	0	216	0	0
3d2ca7ea3b8d057eb6c6a48d28561474	0	0	0	0	0	0	0	0	0	0	0	0	0	214	0	0
f8c07ec254fec78f080d264f6d10adeb	0	0	0	0	0	0	213	0	0	0	0	0	0	0	0	0
9caaa0cbaf8bcb0ea0d3670a95576738	0	0	0	0	0	0	0	210	0	0	0	0	0	0	0	0
390672431b46e7977cb586b8d7232e2a	0	0	0	0	0	0	0	0	209	0	0	0	0	0	0	0
22e49a9f0f962ad0f788165649e4f602	0	0	0	0	0	0	208	0	0	0	0	0	0	0	0	0
8fcb3a5dbda45e184fa68ca0ce32e3e3	0	0	0	0	0	0	0	0	0	0	0	0	208	0	0	0
1c01cede03d895b5500d78cdfe9162b1	0	0	0	0	0	0	207	0	0	0	0	0	0	0	0	0
4b2cb7f8689073c12693068f0a72fa5c	0	0	22	0	0	0	49	0	134	0	0	0	0	0	0	0
6f0baa7c12dd819080ed9c129ffb082f	0	0	0	0	0	0	0	0	0	0	0	0	0	205	0	0
103a2fc719a44f4f925cdc0212bc5a95	0	0	203	0	0	0	0	0	0	0	0	0	0	0	0	0
7d26ea94e63da6982735d0c20e533caa	0	0	0	0	0	0	203	0	0	0	0	0	0	0	0	0
4528acef1076a6b937144f5079058c5c	0	0	0	0	0	0	0	0	0	0	0	0	155	24	0	24
24f8f362f7ffd226899538bcf7309263	0	0	0	0	0	0	0	0	0	0	0	0	201	0	0	0
2c2f127a36b7406153b82e4840bb21a3	0	0	0	0	0	0	0	0	0	0	0	0	0	201	0	0
121e681017645bebe5de3abafa515696	197	0	0	0	0	0	0	0	0	0	0	0	0	0	0	0
1f04d62df82ff85983779551e16d3539	0	197	0	0	0	0	0	0	0	0	0	0	0	0	0	0
a9b68014c60c46946b7689bb5c8dedcf	0	0	0	0	0	0	10	0	0	0	0	0	127	56	0	4
3914f876f368e8f7d80298aa7de46558	0	0	194	0	0	0	0	0	0	0	0	0	0	0	0	0
b6ceba786d83973bd56a028404b80771	0	0	0	0	0	0	193	0	0	0	0	0	0	0	0	0
70418241fbc87af59f83decea99697d4	0	0	0	0	0	0	0	0	0	0	0	0	60	23	68	42
683303094da0cf289d045f42e2ba556b	0	0	55	0	0	0	129	0	8	0	0	0	0	0	0	0
5411ee88f0a2a1a686b20d3b3b2133b8	0	0	0	0	0	0	192	0	0	0	0	0	0	0	0	0
a8439ab3e35ac136259c29d087f75a3a	0	0	0	0	0	0	0	0	0	0	192	0	0	0	0	0
1e3ba14e703e9eb528138fa18e4474ef	4	0	0	0	2	0	0	65	12	72	0	35	0	0	0	0
b2f89675ea5dd6164d9d1135576f0059	189	0	0	0	0	0	0	0	0	0	0	0	0	0	0	0
2efb08c4e3afd028ce1c48fdf09f1e6f	43	0	4	0	0	0	142	0	0	0	0	0	0	0	0	0
7c68400a5693f1eaf50c58241bd544a1	0	0	0	0	0	189	0	0	0	0	0	0	0	0	0	0
ce82dafa2d52d55c5a718071aae9fb95	0	0	0	0	0	0	186	0	0	0	0	0	0	0	0	0
758053db7f7956363495cc1553f3ba96	0	0	0	0	0	0	186	0	0	0	0	0	0	0	0	0
f5a9c37150eb1897a79223e85f221482	0	185	0	0	0	0	0	0	0	0	0	0	0	0	0	0
c919d16f1d91b4e19b71235588021953	0	0	0	0	0	0	183	0	0	0	0	0	0	0	0	0
edaf754bcb986227818385c620ff51a2	0	0	0	0	0	0	0	0	0	0	0	0	94	89	0	0
693499e2031c2c756f4d1c50cb16289a	0	0	0	0	0	0	0	0	0	0	0	0	0	0	183	0
61c444ddc098d4ed2cb55272712ad046	0	0	0	0	0	0	182	0	0	0	0	0	0	0	0	0
aa7225d4d77ce7f4d99ea1875d33d0d7	0	0	181	0	0	0	0	0	0	0	0	0	0	0	0	0
3c6f2c9ce67ad1db2717a489336b5680	0	179	0	0	0	0	0	0	0	0	0	0	0	0	0	0
c6e041ced83458c46fb3f8d19104f43b	0	0	0	177	0	0	0	0	0	0	0	0	0	0	0	0
6bdfa85614cb6a99e96a99d0c2a2bc01	80	0	0	0	44	0	0	0	0	0	14	0	0	37	0	0
31b132201f5c919e76a329726e439c17	0	0	0	0	0	174	0	0	0	0	0	0	0	0	0	0
2322360a0108c0d317e7b0b57ccf6fa7	0	0	0	0	0	0	174	0	0	0	0	0	0	0	0	0
cda61b4a0679241d50d4b13ef82325c0	0	0	0	0	0	0	0	0	0	0	0	0	172	0	0	0
1e6b9a6018e17aaa29b9862b27564be1	0	0	0	0	0	0	61	0	0	0	0	0	79	30	0	0
580285da3ea0b8c80a0519a0f2eb32d9	0	0	0	0	0	0	0	0	0	0	0	0	170	0	0	0
67548f57a75159e77e68dd99676c2211	0	0	0	0	0	0	169	0	0	0	0	0	0	0	0	0
f77e203051ac6db3a90390ab7d3352db	0	0	0	167	0	0	0	0	0	0	0	0	0	0	0	0
c3f2060c4c659b263f4b648280d846bb	0	0	0	0	0	0	167	0	0	0	0	0	0	0	0	0
220d40ba2fabaeadfaf10b2b279bc4c1	0	0	166	0	0	0	0	0	0	0	0	0	0	0	0	0
3babb0c2e167688c060c251c686a6c51	136	0	0	0	0	0	0	0	0	0	0	28	0	0	0	0
c0524f4e0873efc3fde813bb27cfbb41	0	0	0	0	0	0	163	0	0	0	0	0	0	0	0	0
9742b16d8df2723c51df305a5bf741e8	0	0	0	0	0	0	163	0	0	0	0	0	0	0	0	0
96f7c4fc11c40d5b60e1d6a7351ac01d	0	0	0	0	0	0	162	0	0	0	0	0	0	0	0	0
530936687f711058d13f17ab89bb150c	0	0	0	0	0	0	0	0	0	0	0	0	162	0	0	0
ccf45f80e4dc654d341f777e6ac089e1	0	0	0	0	0	0	0	0	0	0	0	0	0	0	0	162
c9371590b633cb29e7f65229ac5b171f	0	0	0	0	0	0	161	0	0	0	0	0	0	0	0	0
fdb5a5f62764b5ecadcb0cc694020e69	0	0	0	116	0	0	0	0	0	0	0	0	0	42	0	0
ab2ebc9fbb7ab707bc68a72ee51da355	0	0	0	0	0	0	158	0	0	0	0	0	0	0	0	0
e6be21d33fc3f2b24cc890f04a13c049	0	0	0	0	0	0	0	157	0	0	0	0	0	0	0	0
e2f8d773acab8ddefe1fb538f1d144a7	0	0	0	0	0	0	0	0	0	0	0	156	0	1	0	0
e446bd644f74ecf920f2c16ffa2d28e3	0	0	0	0	0	0	0	0	0	0	0	0	156	0	0	0
8402a974e58d44871e826dc4fbadddde	0	154	0	0	0	0	0	0	0	0	0	0	0	0	0	0
0ca5ff39a2489488c0318de829ca1b7b	0	0	0	154	0	0	0	0	0	0	0	0	0	0	0	0
2f2f2af47a6b7bb832cc8ebbc48ad8c0	0	0	0	0	0	0	154	0	0	0	0	0	0	0	0	0
f883cd62f427986c16a29bac216d6b52	0	0	0	0	0	0	153	0	0	0	0	0	0	0	0	0
b56833a4fe6e477da7d736de61058b6c	0	0	0	0	0	0	0	0	149	0	0	0	0	0	0	0
2ec11a4bad8c0c5b5e792b0b71f2e5f9	0	0	0	0	0	0	147	0	0	0	0	0	0	0	0	0
798458ea711b03f364a6f67920222925	0	0	0	0	0	0	0	0	0	0	0	0	147	0	0	0
ce0393d44609dabdbc7d2d2dbb85ce61	0	0	0	0	0	0	146	0	0	0	0	0	0	0	0	0
74d66e2dced554cb2d2785e5bcbb0101	0	0	0	0	0	0	0	0	0	0	0	0	0	0	145	0
826252ee914424f2f73dcfcd43f35cf1	0	0	143	0	0	0	0	0	0	0	0	0	0	0	0	0
8a952da50fbed0107c767e0f81a8ca8c	0	0	0	0	143	0	0	0	0	0	0	0	0	0	0	0
55cac9356aa62bfe5e5124408fe8d726	0	0	0	0	0	0	143	0	0	0	0	0	0	0	0	0
216a30ee218f8ea15d323c18c8ce8ebd	0	0	120	0	0	0	0	0	0	22	0	0	0	0	0	0
927d636e8c8b56463f5f096206b65b68	0	0	0	140	0	0	0	0	0	0	0	0	0	0	0	0
40485e40bfe0e6263affadeeb4482b42	0	0	0	140	0	0	0	0	0	0	0	0	0	0	0	0
658db287bcccaf43b2f30571b1d71761	0	0	0	140	0	0	0	0	0	0	0	0	0	0	0	0
bec84914c9ef91a90b76c849653ba116	0	0	0	0	0	0	140	0	0	0	0	0	0	0	0	0
dc2cac2be0d812b97810953c7b47d10f	0	0	112	0	0	0	25	0	2	0	0	0	0	0	0	0
353ab35cbeed431ab1cab978864a360e	0	0	0	139	0	0	0	0	0	0	0	0	0	0	0	0
1d72b1a09422bb551f32b969168b7f49	0	0	0	0	0	0	138	0	0	0	0	0	0	0	0	0
82ba85668c85e428075bdda8f6dfd21b	0	0	0	0	0	0	138	0	0	0	0	0	0	0	0	0
fb67388d79f8cb9874457d2e9b787431	0	0	0	0	0	0	138	0	0	0	0	0	0	0	0	0
fc3d0f699e67de76b3737f0113855227	0	0	0	0	0	0	0	0	0	0	0	0	0	0	0	138
66f389abeac40126d0cccc4c6904a1cb	0	0	0	0	0	0	0	137	0	0	0	0	0	0	0	0
36450623c32f4b7711fc4ff327375d4d	0	0	0	136	0	0	0	0	0	0	0	0	0	0	0	0
8c7ae1ab7fd73117be5953d025492d8c	0	0	0	0	0	0	135	0	0	0	0	0	0	0	0	0
39aa59439f8dab98026e62b8075820aa	0	0	55	0	0	0	0	0	0	0	0	0	9	38	0	32
27320acf2eaa0c4d3559a099dffbee42	0	0	0	0	0	0	0	0	0	0	0	0	0	134	0	0
e3e1211da2cf4ff0fef370e40d2eaf37	0	0	0	0	0	0	0	0	0	0	0	0	0	0	0	134
f97a49ac54744af6a5e70f0aea2770f7	14	0	0	0	0	16	103	0	0	0	0	0	0	0	0	0
8e8d8c0a7245f750cd284c096adf0d43	0	0	0	133	0	0	0	0	0	0	0	0	0	0	0	0
1b2491c3fe8adbe1a51ea9ed19649778	0	0	0	0	0	0	132	0	0	0	0	0	0	0	0	0
882505d7e8acb778a265551543d36953	0	0	0	0	0	0	0	0	0	0	0	0	0	0	0	131
cc55e62b4cd92c16abadb37c5427d4db	0	0	0	0	0	0	0	0	130	0	0	0	0	0	0	0
54b893858cfa798b5729ca2ef38af41b	0	0	0	0	0	0	0	0	0	129	0	0	0	0	0	0
b0b8ee6d42c41ee32f762347ec2c9033	0	0	0	0	0	0	0	0	0	0	0	0	0	0	0	129
2f2c9d1c72b0f21b259d2ca0b4964ef9	128	0	0	0	0	0	0	0	0	0	0	0	0	0	0	0
54eafd7ead0b4d0c76bd1dea7e35bb11	0	128	0	0	0	0	0	0	0	0	0	0	0	0	0	0
4f6c8e5f5e74237ffd88aec0650c8ada	0	0	0	0	0	0	0	0	0	0	0	0	0	128	0	0
595cfb39a579cc994dbef8d49e58ada8	0	0	0	0	0	0	127	0	0	0	0	0	0	0	0	0
eb63c5482ee9da8cd859ba969173e3ec	0	0	0	0	0	0	127	0	0	0	0	0	0	0	0	0
5f276dcbda3bfe29746b335260602c36	0	0	0	0	0	0	127	0	0	0	0	0	0	0	0	0
c7ae0a3ab6e1dbd23e2f02af32600728	0	0	0	0	0	0	0	0	0	0	0	0	0	0	127	0
3e5ba9250d726e2a139daec6b4a72ac7	0	0	0	126	0	0	0	0	0	0	0	0	0	0	0	0
87bbfebb58a5cf4b9a810acd5472b734	0	0	0	126	0	0	0	0	0	0	0	0	0	0	0	0
871ac7db901b51e3065d50cf3924318c	0	0	0	0	0	0	126	0	0	0	0	0	0	0	0	0
ed252b63f2adb50cd5b99d998e721ec1	0	0	0	0	0	0	0	0	0	0	0	0	125	0	0	0
5ad00ecc5316a2dd3ff25df62a789d0c	0	0	0	0	0	0	124	0	0	0	0	0	0	0	0	0
99ce8c0efa9a8e293bbfbef1a46cabae	0	0	0	0	0	0	0	0	0	0	0	0	0	0	0	123
df7ee91f6883bff6ac607e14c11fcb2f	122	0	0	0	0	0	0	0	0	0	0	0	0	0	0	0
3988152be4285feee146bde81876f66a	0	0	0	122	0	0	0	0	0	0	0	0	0	0	0	0
86979b3cd1ac9ad28f739a421ae1b71d	0	0	0	0	0	0	121	0	0	0	0	0	0	0	0	0
164236b9b087726b97fc5cfd963ff3e2	0	0	0	0	0	0	0	121	0	0	0	0	0	0	0	0
0f9d47f2ae3c9da73a49bef78e80d57a	0	0	0	120	0	0	0	0	0	0	0	0	0	0	0	0
abec563a6542db2a9561e426fe2121a4	0	0	0	118	0	0	0	0	0	0	0	0	0	0	0	0
8e1c23d0d23847a3229ac4cc2c051ec7	0	0	0	0	0	0	0	0	118	0	0	0	0	0	0	0
9c996b4245543a91b93e730c8e27ce4a	0	0	0	0	0	0	0	0	0	0	0	0	18	0	0	100
130e37ebb91f07280295772d4270e0fc	8	0	0	0	0	0	109	0	0	0	0	0	0	0	0	0
346cb31463acf66b3633b3c6c575f780	0	0	117	0	0	0	0	0	0	0	0	0	0	0	0	0
7b7a4fc2751cd33142e84e40d0ea7e2b	0	0	0	0	0	0	0	0	117	0	0	0	0	0	0	0
c7767508af0b9444bcc160121ff4a29a	0	0	0	0	0	0	0	0	0	0	27	90	0	0	0	0
900cb5b7214f04867678aad6e65875bd	0	0	0	0	0	0	0	0	0	0	0	0	0	116	0	0
2604b84e17ced6474274b2e28f5cd674	0	0	0	0	0	0	0	0	0	0	0	0	0	0	0	115
2d62e09505e3c7fa2478fde35a1f89c4	0	0	0	114	0	0	0	0	0	0	0	0	0	0	0	0
bf56d54162bf6c3fa0de4c06d15c0ea8	0	0	0	0	0	0	114	0	0	0	0	0	0	0	0	0
38c912746748880d773d5f07c0307730	0	0	0	0	0	0	114	0	0	0	0	0	0	0	0	0
c05f511a07b0304e094f508087e7b664	0	0	0	0	0	0	0	0	0	0	0	0	68	43	3	0
78177452d3f28e80ce0e034d9895af64	0	0	0	0	0	0	0	0	0	0	0	0	0	0	0	114
230211461f032c217fb962275293cce2	0	0	7	95	0	0	0	0	11	0	0	0	0	0	0	0
6ab16fd94cf94e6d54994451a4f2b176	0	0	0	0	0	0	0	0	113	0	0	0	0	0	0	0
28cec0da6ec983ef747ce05d72a1ac5f	0	0	0	0	0	0	0	0	0	0	4	0	0	0	0	109
14e75de7e79c89dc55f3bfad446a4edc	112	0	0	0	0	0	0	0	0	0	0	0	0	0	0	0
fa3320dfedb2938655f1760bd89e1ac4	0	112	0	0	0	0	0	0	0	0	0	0	0	0	0	0
39044448742265bd734aed7b9eeed049	0	0	0	0	0	0	112	0	0	0	0	0	0	0	0	0
773089367d0b46f0534511f34ae76f95	0	0	0	0	0	0	112	0	0	0	0	0	0	0	0	0
5627333747cec52670d94d527dedd517	0	0	0	111	0	0	0	0	0	0	0	0	0	0	0	0
cd55e15712466277c2c5f207b9a19c62	0	0	0	0	0	0	111	0	0	0	0	0	0	0	0	0
bb049182309ed18a7b778aaddfa17071	0	0	0	0	0	0	0	0	0	0	0	0	0	0	111	0
e05ef0714d561a560dae43269e79596f	0	0	0	0	0	0	0	0	0	0	0	0	0	0	0	110
160ec01fbd8bb7a3bc9baddd6cedf120	0	0	0	0	0	0	0	0	109	0	0	0	0	0	0	0
fd1d53be716bd6852c9869d8c93d1685	0	0	0	0	0	0	107	0	0	0	0	0	0	0	0	0
844e8cc043ea111855e7669147134cfb	0	0	0	106	0	0	0	0	0	0	0	0	0	0	0	0
1d034d98e41c33ae5e5fe4aeba026c3d	0	0	0	106	0	0	0	0	0	0	0	0	0	0	0	0
bb0cdc86f1668b2fcc8628d430fb7446	0	0	0	0	0	0	106	0	0	0	0	0	0	0	0	0
987f3b661078bb92e54624020d92e976	0	0	0	0	0	0	0	0	0	0	0	0	0	106	0	0
c0731d660cbf6dcff05778857365370a	0	0	11	0	0	0	11	0	24	59	0	0	0	0	0	0
51f0165eca175adb97a58975067cbe48	0	0	0	0	0	0	0	0	0	0	0	0	105	0	0	0
a779d9b76a4a298ddfbefa55785eebc6	0	0	0	0	0	0	0	0	0	0	0	104	0	0	0	0
53af9958f7501792ba7de7bc3a0dfd48	0	0	0	0	0	0	0	0	0	0	0	0	104	0	0	0
a73ddadf9df0e339dfacad69257bb1ab	0	0	0	0	0	0	0	0	0	0	0	0	104	0	0	0
8046bac05fab2cc1d25d544dd4a1683d	103	0	0	0	0	0	0	0	0	0	0	0	0	0	0	0
26ec6bbae3a10ed06d92faf77890cbad	0	103	0	0	0	0	0	0	0	0	0	0	0	0	0	0
1ae5991fdaefdeb1d641bbd87ffe4131	0	0	0	103	0	0	0	0	0	0	0	0	0	0	0	0
6adfdc62476b2dedc1b051860f3ae6dc	0	0	0	0	0	0	102	0	0	0	0	0	0	0	0	0
7a58dc2391ffb6b350ee4fc858f277fb	0	0	0	0	0	0	0	102	0	0	0	0	0	0	0	0
d06c0844bc7b85d08ecc1a326fd6b087	0	0	0	0	0	0	0	0	0	0	0	0	0	102	0	0
1832f5e9ab1d3efea93d80d3a86a6120	0	0	0	0	0	0	101	0	0	0	0	0	0	0	0	0
45e74e142a052a59cb73e9c211ae04dc	0	0	0	0	0	0	101	0	0	0	0	0	0	0	0	0
27bc3b620950da90cf925302f31abcb1	0	0	0	0	0	0	51	0	0	0	0	0	0	0	0	50
b5e97b4551d6c7c29c13ffb26b120e7d	0	100	0	0	0	0	0	0	0	0	0	0	0	0	0	0
e45ff17170f6a94615445597eb373ec3	0	0	0	100	0	0	0	0	0	0	0	0	0	0	0	0
889fe2e792fd0222e85f1f9d0e7b58ca	0	0	0	0	0	0	100	0	0	0	0	0	0	0	0	0
30ef26649004d09eca664cc1dce32332	0	0	0	0	0	0	100	0	0	0	0	0	0	0	0	0
7acaf8bcb60bcfb92bee4b0f1a801798	0	0	0	0	0	0	0	0	0	0	0	0	100	0	0	0
c96bdcedaf5594d783a087f6a5f7efc7	0	0	0	0	0	0	0	0	0	0	0	0	0	0	0	100
b45a8a28879fdb26d5dafbfb5ddbc315	0	22	54	0	0	0	23	0	0	0	0	0	0	0	0	0
9a2ab8a6b97411fcab0ba143430204a1	0	0	0	99	0	0	0	0	0	0	0	0	0	0	0	0
88f95e49ff275c7612b9ef204afa3530	0	0	0	99	0	0	0	0	0	0	0	0	0	0	0	0
a1d8f27badbfafa31fa1080dd545c874	0	0	0	0	0	0	99	0	0	0	0	0	0	0	0	0
301d1e473ceeac94b53dfa8b4cae6827	0	0	0	0	0	0	98	0	0	0	0	0	0	0	0	0
fe079790247bf4b3223807848b7525df	0	0	7	0	0	0	28	0	0	0	0	0	62	0	0	0
f1f36c620284c1013fe24042cda89ebb	0	0	0	0	0	0	97	0	0	0	0	0	0	0	0	0
5ce86e1d01dd1a88ea4d3b1e8808d17c	0	0	0	0	0	0	0	0	0	0	0	0	0	0	0	97
e56cd98c946b715007fa92dbff94b3b1	96	0	0	0	0	0	0	0	0	0	0	0	0	0	0	0
ac73ed792b84beb921548c7c538866b7	0	0	96	0	0	0	0	0	0	0	0	0	0	0	0	0
88b04e954aa895a6bdfb103b4b73a103	0	0	0	0	0	0	96	0	0	0	0	0	0	0	0	0
730661aec8ad54dc091db0ba4cafc07b	0	0	0	0	0	0	0	0	0	0	0	96	0	0	0	0
52c185df371ed88a329f505b2d5da06d	0	0	0	0	0	0	0	0	0	0	0	0	0	96	0	0
ad55c8f2326d199fa10f594e03f86bb2	0	0	0	0	0	0	95	0	0	0	0	0	0	0	0	0
3e0f6987c3390e344631b775ebf7b941	0	0	0	0	0	0	0	0	0	0	0	0	53	22	0	20
95b4a6e96fdcbf027fcb01aa48e92f40	0	0	0	0	0	0	94	0	0	0	0	0	0	0	0	0
b82c456f339d1fb0faceac30c31139ea	0	0	0	0	0	0	93	0	0	0	0	0	0	0	0	0
84aad1106cfb015064fcc0dbc39df06d	0	0	0	0	0	0	0	0	0	0	0	93	0	0	0	0
e7845ba749f262887c538cf5f2ecf572	0	0	0	0	0	0	0	0	0	0	0	0	93	0	0	0
299953b822a5ddfe018f5bb27e9eded0	91	0	0	0	0	0	0	0	0	0	0	0	0	0	0	0
3894edaa304ae5dce2c8de07758744e4	0	0	0	0	0	0	0	0	91	0	0	0	0	0	0	0
d50069cc233156b30f2b195b11a0b54c	0	0	0	0	0	0	0	0	0	0	91	0	0	0	0	0
74c637d097c4c74a86e802054f82578b	0	0	0	0	0	0	0	0	0	0	0	0	91	0	0	0
2c9613816b4515566db9036953cf06b9	0	0	89	0	0	0	0	0	0	0	0	0	0	0	0	0
545111693b8451de4ce4499b8f1542a9	0	0	0	0	0	0	89	0	0	0	0	0	0	0	0	0
6a3f23da17342bcdc6c374abf9dde3ab	0	0	0	0	0	0	0	0	0	0	0	0	0	89	0	0
03239cead20e0b5cc31a80f4b5c36365	0	0	0	0	0	0	0	0	0	0	0	0	0	0	0	88
d8589a56ce53a20776cd57c6151a12f6	0	84	0	0	0	0	0	0	0	0	0	0	0	0	0	3
42532d6db97cd3d9545cf32f365c4b09	0	0	87	0	0	0	0	0	0	0	0	0	0	0	0	0
f80e345c308330a49524ec7338453314	0	0	0	0	0	0	0	0	0	0	0	87	0	0	0	0
20f64a0f8bdf668179de1b04e451f7bf	0	0	5	0	0	1	73	0	7	0	0	0	0	0	0	0
72a9c009ce0a47630e0d9b55f1e5fa59	0	0	0	0	0	0	0	0	86	0	0	0	0	0	0	0
5b0db589072a968ba23cd00f682906a9	0	0	0	0	0	0	0	0	0	0	0	0	86	0	0	0
098d1732c8a65c2fbda6289b933e872f	0	0	0	0	0	0	0	0	0	0	85	0	0	0	0	0
5f938b98cb7a7bf5287512230deb4d84	0	0	0	0	0	0	0	0	0	0	0	0	0	85	0	0
45049ee0cde53d15826c65e41777b2be	0	0	0	0	0	0	0	0	0	0	0	0	0	84	0	0
c870edebcf47c6ed4cc64b6e44f8f8bb	2	0	0	0	0	0	0	0	0	0	0	0	0	69	0	12
5bd4549885a0fb3dcb95bff56fbb8cd8	0	0	83	0	0	0	0	0	0	0	0	0	0	0	0	0
34c5711785d8d5ff8747e8d28be530ff	0	0	0	0	0	0	56	0	0	0	27	0	0	0	0	0
30dc3469c5a0bba6de28441bdc143d01	0	0	0	0	0	0	0	0	0	0	0	83	0	0	0	0
c2bac72e1393bec08a0e91d6b721c655	0	0	0	0	0	0	0	0	0	0	0	0	82	0	0	0
6327b6cadfce24a46cc9e36b5cea2d80	0	0	81	0	0	0	0	0	0	0	0	0	0	0	0	0
f5122d62e012671b5c29ee871187557b	0	0	0	0	0	0	0	0	0	0	0	0	0	81	0	0
d040db841de3ae6253e6ef54e8b6679f	0	0	0	0	0	0	0	0	0	0	0	0	0	0	0	81
99b717db734491967c121d5540104e00	0	0	0	10	0	0	70	0	0	0	0	0	0	0	0	0
0623cabad8056f76d27ce63c3f4b205a	0	0	0	0	0	0	0	0	0	0	79	0	0	0	0	0
66a437ddddba13921c1b95b04b815ad4	0	0	0	0	0	0	0	0	0	0	0	0	0	0	0	79
0cd4f967c01204879fd82886704754e7	0	0	0	0	0	0	78	0	0	0	0	0	0	0	0	0
f58a675162025acdb3a2cd6086b30078	0	77	0	0	0	0	0	0	0	0	0	0	0	0	0	0
d6f0fd14a05f52fd7a59fe5fe7d70a93	0	0	0	0	0	0	0	0	0	0	0	0	0	77	0	0
70e9312197dff5ca1efed3d159c837c3	0	0	0	0	0	76	0	0	0	0	0	0	0	0	0	0
49075695f80793ab648b613028c84a0e	0	0	0	4	10	0	41	6	0	0	8	6	0	0	0	0
704f045ef174c2a934cd9fd36b3126ef	0	0	0	0	0	0	75	0	0	0	0	0	0	0	0	0
d520b873a8f30deb72816a95a9e3e050	0	0	0	0	0	0	75	0	0	0	0	0	0	0	0	0
f2b8717172e2407f2c32aa6988d51598	0	34	40	0	0	0	0	0	0	0	0	0	0	0	0	0
5983a46cc20a56375a9d5a86ce1ba65d	0	0	0	74	0	0	0	0	0	0	0	0	0	0	0	0
3c4ad97e93be51f24e737f60a758a8f3	0	0	0	0	0	0	73	0	0	0	0	0	0	0	0	0
2899814ef069ce69400e9814e63773d0	0	0	0	0	0	0	73	0	0	0	0	0	0	0	0	0
c297f8f8cb757eb7334ca333c26baa3c	0	0	0	72	0	0	0	0	0	0	0	0	0	0	0	0
c2b50b7c16d81183576e44a9b344981b	0	0	0	0	0	0	72	0	0	0	0	0	0	0	0	0
1b900b04f41919d369d74f4e79fb99fe	0	0	0	0	0	0	0	0	0	0	0	0	49	11	0	12
084defa8c5355d888102fe31d04c080f	0	71	0	0	0	0	0	0	0	0	0	0	0	0	0	0
637f4f822929d9683acec0860ebe89a2	0	0	0	0	0	0	0	0	0	0	0	0	0	71	0	0
238934375fe3e1c316b0d0d9679b5862	0	0	0	0	0	70	0	0	0	0	0	0	0	0	0	0
b2b69d06e228047802c1ddedb8730060	0	0	0	0	0	70	0	0	0	0	0	0	0	0	0	0
be9d468365115b596874b8213909493e	0	0	0	0	0	0	70	0	0	0	0	0	0	0	0	0
589630e8e4de0f25b0db884e7ed85805	0	0	0	0	0	0	0	0	0	0	0	0	0	70	0	0
86716b8865ee5a60eaf27bbb2884df44	0	0	0	0	0	0	6	0	0	0	0	0	0	48	0	15
cc1d57737f7432ce3e4f6d300eade733	0	11	36	0	0	2	4	0	0	0	0	0	1	14	0	0
4fdb830b3300af278db112e41be2075c	0	0	0	0	0	0	0	0	0	0	0	0	0	68	0	0
e3262558fb79a0644f36d8ae258fb5d0	0	0	0	0	0	0	0	0	0	0	0	0	0	0	0	68
30f3555feadbd33fcc6a83056ebdae5b	0	0	0	0	0	0	0	0	0	0	0	0	0	0	0	67
4b4bb099a75c0630d64013f1e6eff434	0	0	0	0	0	0	0	0	0	0	0	0	0	0	0	67
58da39aaf30aa915e086d3f2dc8906ae	0	0	0	0	0	0	0	0	6	0	0	0	0	60	0	0
8ed5eca57345f46657f640c4560ea844	0	0	0	0	0	0	65	0	0	0	0	0	0	0	0	0
57c40fcd2dc6d956eee93bda264da925	0	0	0	0	0	0	0	0	65	0	0	0	0	0	0	0
1ef4d77a3557a9ba2d38fe937a7ed114	0	0	64	0	0	0	0	0	0	0	0	0	0	0	0	0
69d0453ab199cc7ba5a4e6e69bcc3565	0	0	0	64	0	0	0	0	0	0	0	0	0	0	0	0
1b1c83b9c1582ae0a45a3b46aa736a0f	0	0	0	0	0	0	64	0	0	0	0	0	0	0	0	0
d1663127b86b4ecdfb3b8fde76033fe1	0	0	0	0	0	0	0	0	0	0	0	0	0	0	64	0
860f30421ea874e9a1f82b798b78a933	63	0	0	0	0	0	0	0	0	0	0	0	0	0	0	0
61cd651abe1a0a32770b00d2ebda8c5f	0	0	63	0	0	0	0	0	0	0	0	0	0	0	0	0
bc833ad26fb0a275e02951656ca63113	0	0	63	0	0	0	0	0	0	0	0	0	0	0	0	0
4e93c06f20a70497d31e278a3532a3ff	0	0	0	0	0	0	63	0	0	0	0	0	0	0	0	0
500e28cc236cad46e737cbb719480368	0	0	0	0	0	0	0	0	63	0	0	0	0	0	0	0
5ddb71d38362503aed634174332a1c67	0	0	0	0	0	0	0	0	0	0	0	0	0	0	63	0
fd6297afbdad6aa75aef03e745c43cdd	0	0	0	0	0	0	0	62	0	0	0	0	0	0	0	0
a276264f2cab1597f7c923749c36be04	0	0	0	0	0	0	0	0	0	0	0	0	62	0	0	0
da7c646d79492e0bd7830f98a503a354	0	0	0	0	0	0	0	0	0	0	0	0	62	0	0	0
461ed0bbf16067295d675460fd89aa4e	0	61	0	0	0	0	0	0	0	0	0	0	0	0	0	0
15cbc11adc13019d14f76bd65eade086	0	0	0	0	0	0	0	0	0	0	60	0	0	0	0	0
449234cbce5ee4b96e08d533135c18a5	0	0	0	0	0	0	0	0	0	0	0	0	60	0	0	0
154097e09b8f5cad8b8ee383c7784334	0	0	0	0	0	0	0	0	0	0	58	0	0	0	0	0
2cd1575c29a414e8c79a9bed908f28ed	0	0	0	0	0	0	0	0	0	0	20	35	3	0	0	0
fcdd12fd5020d36d01066d9add135557	0	0	0	0	0	0	0	0	0	0	0	0	58	0	0	0
ef06838087571974b6c66438e670ea54	57	0	0	0	0	0	0	0	0	0	0	0	0	0	0	0
443495c01054e41e2d46d3c980626d1d	0	0	0	0	0	0	57	0	0	0	0	0	0	0	0	0
f2dad66932dd97ad91b850ca326b2b3f	0	0	0	0	0	0	0	0	0	0	0	0	0	0	57	0
eceef1471e406738c779033b05b78693	0	0	0	0	0	0	56	0	0	0	0	0	0	0	0	0
6d86f81281b44cf86e7e4ed7bfedebd4	0	0	0	0	0	0	0	0	0	0	0	0	56	0	0	0
675f21ab22eaed67df2bc1f8ba6d7fa7	0	0	0	0	0	0	0	0	0	0	0	0	0	0	56	0
f7a71be784bca3a679f409eda31a6209	0	0	0	55	0	0	0	0	0	0	0	0	0	0	0	0
99bfe8ccbe146bec97733dd5e19d651d	0	0	0	0	0	0	54	0	0	0	0	0	0	0	0	0
9d4de9da9a4ac8a7d387403c5079970f	0	0	0	0	0	0	54	0	0	0	0	0	0	0	0	0
3e35890ac27c6500531c2d32fa9f907a	0	0	0	0	0	0	0	0	0	0	0	0	0	54	0	0
791eea773ada026928b232b512a5d63c	0	0	0	0	0	0	53	0	0	0	0	0	0	0	0	0
d5981b9e6e2a2b4a23ce9d029c870fb4	0	0	0	0	0	0	0	53	0	0	0	0	0	0	0	0
36ed50c0b46c41d59c8c2bb708f20104	0	0	0	0	0	0	0	0	53	0	0	0	0	0	0	0
c4d4e6bda5130c7b897c17524901db9f	52	0	0	0	0	0	0	0	0	0	0	0	0	0	0	0
6d87c7335a2a50668a4aa1e758958a70	0	0	0	0	0	0	52	0	0	0	0	0	0	0	0	0
f241cb3f4aae6c145de21e7776f7f8ba	0	0	0	0	0	0	0	0	0	0	0	0	0	52	0	0
9f22e85efb76971c73ccfdf070f9fca7	0	0	0	0	0	0	0	0	0	0	0	0	0	0	0	52
266d24845deadc44e445176410bfa5bd	0	0	0	0	0	0	51	0	0	0	0	0	0	0	0	0
f99c4cdd0929067d8aa5640c3ae0c077	0	0	0	0	0	0	0	0	0	0	0	0	51	0	0	0
6d382e319e4211d27b30c6ed5f943bfe	0	0	0	0	0	0	50	0	0	0	0	0	0	0	0	0
160189e44518bd29bffdcb7dc628eef4	0	0	0	0	0	0	0	0	0	0	0	0	0	0	50	0
a334b0d978d33d6ad0083b9c8a6d7353	0	0	0	0	0	0	0	0	0	0	0	0	0	0	0	50
491fd5a40a7d79c77f31643e4df9dcd7	0	49	0	0	0	0	0	0	0	0	0	0	0	0	0	0
2967bd601b6cb6afef7813fdbc5217bb	0	0	0	0	0	0	49	0	0	0	0	0	0	0	0	0
040fab9363e53648b9a2ab8cad6dd991	0	0	0	0	0	0	49	0	0	0	0	0	0	0	0	0
1b2db620da74c016780c0e6ceedb1d54	0	0	0	0	0	0	34	0	0	0	15	0	0	0	0	0
e15147b1db7029d6fd5a06da4436f719	0	0	0	0	0	0	0	0	0	0	0	0	49	0	0	0
20e98110f675cb8d7fedf6dff926525c	0	0	0	0	0	0	0	0	0	0	0	0	49	0	0	0
27ca2998d6c0ff6a5a9a1b777d72c67f	0	0	0	0	0	0	0	0	0	0	0	0	0	0	49	0
e377fdfcb6ad0b5489ab5df244e21a53	0	0	0	0	0	0	0	0	0	0	0	48	0	0	0	0
1e0d84dc4ee49c2818dd1abf030801f1	0	0	0	0	0	0	0	0	0	0	0	0	48	0	0	0
2620642cbac1579300725659c41e19b5	0	0	0	0	0	0	0	0	0	0	0	0	0	0	0	48
d334d314ec1141d99ba6192fcef9e1c3	0	0	0	0	0	47	0	0	0	0	0	0	0	0	0	0
d43a43e64f3c27c02bccf4adc2214684	0	0	0	0	0	0	0	0	47	0	0	0	0	0	0	0
922ed7c2a88aea19c47a7c8f15c04aac	0	0	0	0	0	0	0	0	0	0	0	0	0	47	0	0
d4893c974debcdd0563bde9187ebf4c6	0	0	0	0	0	0	0	0	0	0	0	0	0	47	0	0
b5da3bebd3356ad144568363d33e3228	0	0	0	0	0	0	0	0	0	0	0	0	0	47	0	0
54b0b95a1cdfe0138a3152b0ec2934f7	0	0	0	0	0	0	0	0	0	0	0	0	0	0	0	47
b1c8c8d0fe3a0b19686cdbecd49ad944	0	0	0	46	0	0	0	0	0	0	0	0	0	0	0	0
97c624cece76fb92e98f68d09b1d6481	0	0	0	0	0	0	0	0	0	0	0	0	2	0	44	0
b8a03f08e64befbc8c2f21ccbb1ea81e	0	0	0	0	0	0	0	0	0	0	0	0	0	46	0	0
6b332bb0705a8bcda4086eb11a792807	0	45	0	0	0	0	0	0	0	0	0	0	0	0	0	0
3397e8c50a08eef4c5b0c417085a826f	0	0	0	45	0	0	0	0	0	0	0	0	0	0	0	0
1ec6a4ea4d4563e6d910447b90261063	0	0	0	0	0	0	45	0	0	0	0	0	0	0	0	0
3c6596b38a5370b726e30b2f702883a8	0	0	0	0	0	0	0	0	0	0	0	0	0	0	0	44
48d8ea263958cdb6a8df58752cb28c64	0	43	0	0	0	0	0	0	0	0	0	0	0	0	0	0
7c2ca01e1da90de2273e62ac3299ddfe	0	0	43	0	0	0	0	0	0	0	0	0	0	0	0	0
9a3249c97ccd476e6ac7ee0508c91747	0	0	0	0	0	0	43	0	0	0	0	0	0	0	0	0
15bd1e1309988502b30e99b464b836f0	0	0	0	0	0	0	43	0	0	0	0	0	0	0	0	0
21c985df07fa4d94bec82e5391614705	0	0	0	0	0	0	43	0	0	0	0	0	0	0	0	0
19f00c6a033e7ffbdd991816b1525de9	0	0	0	0	0	0	0	0	0	0	0	0	43	0	0	0
206d42c96954e2640ce6d404676a2bb3	4	38	0	0	0	0	0	0	0	0	0	0	0	0	0	0
f0c04eadf4745c7f3bf48b36cbba135a	0	0	0	0	0	0	0	0	42	0	0	0	0	0	0	0
8a09a8f16a3d9ea31d22557b1254129c	0	0	0	0	0	0	0	0	42	0	0	0	0	0	0	0
364fafed0884a230a5cb77d7a9bb4eb3	0	0	0	41	0	0	0	0	0	0	0	0	0	0	0	0
b40dc9b7596a6a4bcf2f1bebb2ca5da0	0	0	0	41	0	0	0	0	0	0	0	0	0	0	0	0
618b0977f8ba25af966491132655e5a5	0	0	0	0	0	0	0	0	0	0	0	0	0	41	0	0
c9e3986bbb5760f8cdac97742e24c5d0	0	0	0	0	0	0	0	0	0	0	0	0	0	41	0	0
57c633279ccd3bec36fd1fc49b971ded	0	0	0	0	0	0	0	0	0	0	0	0	0	0	41	0
d814f70326e26aaf84012b916420f4e5	0	0	0	0	0	0	0	0	0	0	0	0	0	0	0	41
2fe24118b9955a4804d134f129bf0fab	0	40	0	0	0	0	0	0	0	0	0	0	0	0	0	0
d21e130070249792e27b0c08838c705c	0	0	0	0	0	0	0	0	40	0	0	0	0	0	0	0
4af30c7474a95b81d51bf2cff2341ed3	0	0	0	0	0	0	0	0	0	0	0	0	40	0	0	0
04b3ae683b8102ba031e8e566f8730b3	0	0	0	0	0	0	0	0	0	0	0	0	40	0	0	0
93d14d5363fd364204ef9ec9b07f613f	0	0	0	0	0	0	0	0	0	0	0	0	0	0	40	0
7be51bf7b94b1d7b737d5ae1ef94ea9e	0	0	0	0	0	0	39	0	0	0	0	0	0	0	0	0
b3813e3637821996e65e9b3b4431ce98	0	0	0	0	0	0	0	0	0	0	0	0	0	0	0	39
aec09fb90bf24ffef639f8cb73586d25	0	2	0	0	1	0	21	5	8	1	0	0	0	0	0	0
bebac974c9ad2e91157c4184f9933b17	0	0	0	38	0	0	0	0	0	0	0	0	0	0	0	0
869f0765bfc24ae38ed6afd81e369caa	0	0	0	0	0	0	38	0	0	0	0	0	0	0	0	0
bb9f2f01786becd6f2e4b0f6f4766560	0	0	0	0	0	0	38	0	0	0	0	0	0	0	0	0
7f541c6db44666fd19e7085c30e5b45d	0	0	0	0	0	0	0	0	0	0	0	21	0	0	17	0
41c6c36b030cdbd39374c84ea5d33729	0	31	0	0	0	0	6	0	0	0	0	0	0	0	0	0
76f0eccd32900244c9b17529f2cbb4e4	0	0	0	37	0	0	0	0	0	0	0	0	0	0	0	0
ce99947a92ea89535f65d0205b9d6380	0	0	0	0	0	0	37	0	0	0	0	0	0	0	0	0
748a5e326c6575f21779dc8a2e9a536c	0	0	0	0	0	0	0	0	0	0	0	0	37	0	0	0
c673081044fa5bc24b97adc2609dc194	0	0	0	0	0	0	0	0	0	0	0	0	0	37	0	0
91fb3be6b72a2bde070f3a8098b0ac18	0	0	0	0	0	0	0	0	0	0	0	0	0	0	0	37
a1bfa4f1f6a83709238623e58cf858eb	0	0	0	0	0	0	36	0	0	0	0	0	0	0	0	0
a26f7f02b2f6efa44c5e7e0cd5ad336e	0	0	0	0	0	0	36	0	0	0	0	0	0	0	0	0
e1078cc51eb740cf8f315e8cac63becd	0	0	0	0	0	0	35	0	0	0	0	0	0	0	0	0
d2e16fec11b3b256ca9674847293e478	0	0	0	0	0	0	0	0	0	0	0	0	0	26	0	9
538d087e3d67faab7adc875250428a38	0	0	0	34	0	0	0	0	0	0	0	0	0	0	0	0
3872ef32f8c73f34592d808ee4dec05b	0	0	0	0	0	0	34	0	0	0	0	0	0	0	0	0
38510fd02a66b2d2e294057277c3547e	0	0	0	0	0	0	0	0	34	0	0	0	0	0	0	0
1534b6c1c36567c645a6d6cbda262927	0	0	0	0	0	0	0	0	0	0	34	0	0	0	0	0
c549cde4ffccc482773adab2253aacba	0	0	0	0	0	0	0	0	0	0	0	0	34	0	0	0
1dadcb555543f73bc75bb0c6eeee7d7d	0	0	0	0	0	0	0	0	0	0	0	0	34	0	0	0
5cba2033882abf9b6c1bd5dde39a4c26	0	0	0	0	0	0	0	0	0	0	0	0	0	0	0	34
98cdfed5e1e87476010bceac32b73790	0	0	0	0	0	0	0	0	0	0	0	0	33	0	0	0
ad300e506abbe089a495e4711e900a75	0	0	0	0	0	0	0	0	0	0	0	0	27	0	0	6
8452f703bb358cb811f8f2f1ce247bfb	0	0	0	0	0	0	0	0	0	0	0	0	0	0	0	33
90486d989530256d5da4a1be33f68ff5	0	32	0	0	0	0	0	0	0	0	0	0	0	0	0	0
2fe8b76331ff1f9eb4b3020fd2351896	0	0	1	0	0	0	21	0	10	0	0	0	0	0	0	0
dd4a6f39f708c352022ce3a58bf666b0	0	0	0	32	0	0	0	0	0	0	0	0	0	0	0	0
5e53e9bcc34c51668c68ca62b9c77d69	0	0	0	0	0	0	0	0	0	0	0	0	32	0	0	0
6d46559478da06628f6b9095d7f27a4b	0	0	0	31	0	0	0	0	0	0	0	0	0	0	0	0
d522ea6f645c81847cc356027cadc416	0	0	0	0	31	0	0	0	0	0	0	0	0	0	0	0
f63d1c9cdd7fde3a0fc2ed26a8cd2179	0	0	0	0	0	0	31	0	0	0	0	0	0	0	0	0
dc64583e8a639cfb92c2828c5ab7dea0	0	0	0	0	0	0	0	0	31	0	0	0	0	0	0	0
895fb5be7cbf39bedcabaadd9a7f6899	0	0	0	0	0	0	0	0	0	0	31	0	0	0	0	0
2422b9fbddd4a51b971dccdbebbf762a	0	0	0	0	0	0	0	0	0	0	0	0	0	31	0	0
d41926f3ffebc9289537a1994ad326ad	0	0	0	0	0	0	30	0	0	0	0	0	0	0	0	0
d9c0fa73497f1eba0ac5bb037019a9e5	0	29	0	0	0	0	0	0	0	0	0	0	0	0	0	0
dcfdfc224f0e7a0fe2008acbea5e1889	0	0	0	29	0	0	0	0	0	0	0	0	0	0	0	0
79e96665771775a2e3785285dee7f725	0	0	0	0	29	0	0	0	0	0	0	0	0	0	0	0
0bcb09d179c8a7989bf2f2b0f8b229a4	0	0	0	0	0	0	29	0	0	0	0	0	0	0	0	0
5450dc77f59cfe4be3fd738007728d09	0	0	0	0	0	0	0	0	0	0	0	0	29	0	0	0
7c770086937bfafba560706422ccd8b4	28	0	0	0	0	0	0	0	0	0	0	0	0	0	0	0
bfab7a51d6f49fcdb486cf60c3980670	0	0	0	0	0	28	0	0	0	0	0	0	0	0	0	0
bd4691429407b51c30333579112e7c6c	0	0	0	0	0	0	28	0	0	0	0	0	0	0	0	0
8f18e01084544bbcc02f067514167eba	0	0	0	0	0	0	0	0	28	0	0	0	0	0	0	0
4892005ba0e213583d41b169fe14bbcc	0	0	0	0	0	0	0	0	28	0	0	0	0	0	0	0
7e645abdf068f10cf0fd75eedb9c35b8	0	0	0	0	0	0	0	0	0	0	0	0	0	0	0	28
12b242520ebba7916c35cb43b3a917d3	0	0	0	27	0	0	0	0	0	0	0	0	0	0	0	0
3bb6f0daba2b537d6a8abc324eeb7503	0	0	0	0	0	0	27	0	0	0	0	0	0	0	0	0
ab448ec8758ad1613bd5c04dd1a5acc4	0	0	0	0	0	0	27	0	0	0	0	0	0	0	0	0
6abc79b1b49d3aba04bd789593445c2c	0	0	0	0	0	0	0	0	0	0	27	0	0	0	0	0
07afea8bc8d359a7e8baf0b9f9934141	0	0	0	0	0	0	0	0	0	0	0	0	0	27	0	0
0d1da013677fdc692653edef4c2bba8d	0	0	0	0	0	0	0	0	0	0	0	0	0	0	0	27
1d906cbfd7b98e6c4aa6714b183b36d4	0	0	0	0	0	0	0	0	0	0	0	0	0	0	0	27
70cc34165ec4f9b39daa784a69ca01e2	0	0	0	26	0	0	0	0	0	0	0	0	0	0	0	0
a717d8b4385e27355ee8d413ec1a7e3c	0	0	0	0	0	0	0	0	0	0	26	0	0	0	0	0
e8297f62e0784ea73dd612b425e1115a	0	0	0	0	0	0	0	0	0	0	0	0	26	0	0	0
8c5535111098b020f07ea3882afddbe7	0	0	0	0	0	0	0	0	0	0	0	0	0	0	26	0
2fa5377d27e46af19d9d8be02dd53495	0	25	0	0	0	0	0	0	0	0	0	0	0	0	0	0
8cd4d6b66beae3f1e0f64e2d3e56d736	0	0	0	13	0	0	0	0	0	0	0	0	0	0	0	12
72af75e4fddece15f924e1a6330d9e39	0	0	0	0	0	0	25	0	0	0	0	0	0	0	0	0
33eaf7a73a266d6676def28e15e71182	0	0	0	0	0	0	24	0	0	0	0	0	0	0	0	0
3501f939b2967a02f04e6f95965f8912	0	0	0	0	0	0	24	0	0	0	0	0	0	0	0	0
8415a716bbfeaf4571e2b05e2ed2448b	0	0	0	0	0	0	0	0	0	0	0	0	24	0	0	0
efbeda8bb72889415832ba26492e7802	0	0	0	0	0	0	0	0	0	0	0	0	24	0	0	0
06c2799a51509827a61380839621d018	0	0	0	0	0	0	0	0	0	0	0	0	24	0	0	0
6fb5cf654cca89b80bd368e95e1e51d8	0	23	0	0	0	0	0	0	0	0	0	0	0	0	0	0
44fa6cd6bb8def5e585958b182c70701	0	0	0	0	0	0	23	0	0	0	0	0	0	0	0	0
9861511918732196105023631abb319e	0	0	0	0	0	0	0	0	0	0	0	23	0	0	0	0
54acc7ef940d9f475f4e1e69199cf424	0	0	0	0	0	0	0	0	0	0	0	0	0	23	0	0
4108e4bcf9a3416f5f41c36884b1e3f2	0	0	0	0	0	0	0	0	0	0	0	0	0	0	0	23
2fc9a8ee5ea4157e3ce598c44ef91a69	0	0	0	0	0	0	0	0	22	0	0	0	0	0	0	0
073ad5ec6437ef29472c827892dc8df6	0	0	0	0	0	0	0	0	0	22	0	0	0	0	0	0
a0c56c887cba72dc34e85e596b8dd05f	0	0	0	0	0	0	0	0	0	0	0	0	22	0	0	0
1c0532aa765b5953aa5ddc3f73f904cc	21	0	0	0	0	0	0	0	0	0	0	0	0	0	0	0
2c9908484f6043456ab56e9b5456dea4	0	0	0	0	0	0	21	0	0	0	0	0	0	0	0	0
ce12a927f3ce93f558d285db2a94f3cd	0	0	0	0	0	0	0	0	21	0	0	0	0	0	0	0
f0cadb125f28e84288471426a19d3785	0	0	20	0	0	0	0	0	0	0	0	0	0	0	0	0
45dcff3c3dbbf73064063f9f93461052	0	0	0	0	0	0	20	0	0	0	0	0	0	0	0	0
8a3b9b98132cf8f0680d4543f7a1ad06	0	0	0	0	0	0	20	0	0	0	0	0	0	0	0	0
3b19341d91d70cd2acc8c0f9d44711f8	0	0	0	0	0	0	0	0	0	20	0	0	0	0	0	0
73521b9e9d2aa38e0a13f6ca3684107d	0	0	0	0	0	0	0	0	0	0	20	0	0	0	0	0
46bb64a329217a9d6abeebd7c3962e7e	0	0	0	0	0	0	0	0	0	0	0	0	20	0	0	0
806432943f26d97cd2d118bab8089b2c	0	0	0	0	0	0	0	0	0	0	0	0	0	20	0	0
01c279b66fdb8dc742ff37fb8e6f3577	0	0	0	0	0	0	0	0	0	0	0	0	0	0	20	0
6b9d59b08ee990e47f2ecbee0af7cef1	0	0	0	0	0	0	0	0	0	0	0	0	0	0	0	20
1bd50eeef355a2080a8d39c82ba6f68a	0	0	0	0	0	0	0	0	0	0	0	0	0	0	0	20
ab1f76e9496bd1bfeb4061dd776f9d6f	0	0	0	0	0	19	0	0	0	0	0	0	0	0	0	0
1277b4887a6c7c30cbf89ecac32182e3	0	0	0	0	0	0	19	0	0	0	0	0	0	0	0	0
8b38faf042d2284436cee9e24a45c66c	0	0	0	0	0	0	19	0	0	0	0	0	0	0	0	0
98b93c38930bd4f41e3b1061b39fc5f7	0	0	0	0	0	0	0	0	19	0	0	0	0	0	0	0
2360398ab54fd6a57df7cfd7fc28543b	0	0	0	0	0	0	0	0	19	0	0	0	0	0	0	0
205aca0a327fc8108ca3088d91f17de8	0	0	0	0	0	0	0	0	0	0	0	0	19	0	0	0
531a4d719e8d88abf1482533b5ef85f3	0	0	0	0	0	0	0	0	0	0	0	0	0	19	0	0
fdc92b4b80180b04d76c5d24694dec65	0	3	0	0	6	0	0	0	9	0	0	0	0	0	0	0
f1dc75a1d07932c98899f4ea88b4e38d	0	0	0	18	0	0	0	0	0	0	0	0	0	0	0	0
1bfd6af0682da1851c8f7a700179f646	0	0	0	0	0	0	18	0	0	0	0	0	0	0	0	0
9580b6b45f03fd09034af7769641457d	0	0	0	0	0	0	0	0	0	0	0	0	0	18	0	0
127c38e53003cf838b14612f280ed195	0	0	0	0	0	0	0	0	0	0	0	0	0	18	0	0
c298a27a101c612221dfefc88c2c188b	0	0	17	0	0	0	0	0	0	0	0	0	0	0	0	0
0549ab945ec814afda466c93a2f55289	0	0	17	0	0	0	0	0	0	0	0	0	0	0	0	0
56cab06748b648b4acc612c9705e8d30	0	0	17	0	0	0	0	0	0	0	0	0	0	0	0	0
c931d824cd40ec88ef8b498cc0d0cde4	0	0	0	17	0	0	0	0	0	0	0	0	0	0	0	0
d8ff98d30433e40a124321f5ae4d8dd3	0	0	0	0	0	0	17	0	0	0	0	0	0	0	0	0
42b13a56eb8fd15e42005feb28eeee2b	0	0	0	0	0	0	17	0	0	0	0	0	0	0	0	0
eae00447d492a3739e879240d5a1835b	0	0	0	0	0	0	0	0	0	0	0	0	0	0	17	0
c3b195d1a2f3e385311980386153e3a0	0	0	16	0	0	0	0	0	0	0	0	0	0	0	0	0
b0a6fd05f8cb8353d08d8e01a15c30e7	0	0	0	16	0	0	0	0	0	0	0	0	0	0	0	0
66433a00a88e965a13871381126109ae	0	0	0	16	0	0	0	0	0	0	0	0	0	0	0	0
b36a92f8898d3d2871d84c06ff2fa327	0	0	0	16	0	0	0	0	0	0	0	0	0	0	0	0
d8052e0bfdfcc4b0557e167efcd06ca3	0	0	0	16	0	0	0	0	0	0	0	0	0	0	0	0
c87138c67e6fd571956dda82ed8b6526	0	0	0	0	16	0	0	0	0	0	0	0	0	0	0	0
86b72a7520048922f8a82c7ec82ac6b7	0	0	0	0	0	0	16	0	0	0	0	0	0	0	0	0
2e56a2ab5392188a83460d29350738d4	0	0	0	0	0	0	16	0	0	0	0	0	0	0	0	0
d302104f1743c799d303c76891ed4021	0	0	0	0	0	0	16	0	0	0	0	0	0	0	0	0
3a2daf23f26007107984ceba041552c7	0	0	0	0	0	0	0	0	0	0	0	16	0	0	0	0
c78dc95700e01247a4456123d0c6f500	0	0	0	0	0	0	0	0	0	0	0	0	16	0	0	0
f1cb050ae9c476d654fc1ebadc387186	0	0	0	0	0	0	0	0	0	0	0	0	0	16	0	0
57f171202b863111abfa0d5ec4f609ed	15	0	0	0	0	0	0	0	0	0	0	0	0	0	0	0
83d8201c62539fc50a24b332ec1fbd1f	8	0	7	0	0	0	0	0	0	0	0	0	0	0	0	0
df674ba797c6056af567636e7d96a21a	0	0	0	15	0	0	0	0	0	0	0	0	0	0	0	0
ac22083aad31910a35d97a96df36793f	0	0	0	0	0	15	0	0	0	0	0	0	0	0	0	0
8533081584aa7a58126bbad822b9de2b	0	0	0	0	0	0	15	0	0	0	0	0	0	0	0	0
b351ce7d61b5877fc8dfc54606ac3250	0	0	0	0	0	0	0	0	0	0	15	0	0	0	0	0
2ce8ffe68bb2c6960f438caa59e335fa	0	0	0	0	0	0	0	0	0	0	15	0	0	0	0	0
f40a6893812bc0839dd1a556d54fb84b	0	0	0	0	0	0	0	0	0	0	0	0	0	15	0	0
966d7ae58d7d970afd6e7afc72b83960	0	0	0	14	0	0	0	0	0	0	0	0	0	0	0	0
49e5a61ee996410d345aa5597863f2e4	0	0	0	0	14	0	0	0	0	0	0	0	0	0	0	0
00c4443f3ce0952bad873b5985f96a6b	0	0	0	0	0	0	14	0	0	0	0	0	0	0	0	0
cc2ef7924ee84d87c6892585e6c483dc	0	0	0	0	0	0	0	0	0	14	0	0	0	0	0	0
c083b284c943daa59a28fbcffcd0a1a2	0	0	0	0	0	0	0	0	0	0	0	0	14	0	0	0
2a9d119529bb75c00192429fbf4963ed	0	0	0	0	0	0	0	0	0	0	0	0	0	0	14	0
571fdf91023003ae922e5a952a3eb6d6	0	0	0	0	0	0	0	0	0	0	0	0	0	0	0	14
b58199820a02856fa683d19cf3e9d3d9	0	0	0	0	0	0	0	0	0	0	0	0	0	0	0	14
b0a2ddc1b2b4249a677e64b95ee6a70d	0	0	0	0	0	0	13	0	0	0	0	0	0	0	0	0
b43628a16715cc9fc8af620bfe80c6ea	0	0	0	0	0	0	13	0	0	0	0	0	0	0	0	0
5bfff8dde1d1f9ba79da5800a96bafd1	0	0	0	0	0	0	13	0	0	0	0	0	0	0	0	0
0df1a8fd86b36d4c59eec0f8eabb7477	0	0	0	0	0	0	13	0	0	0	0	0	0	0	0	0
8f5aff6545ceb3d4edd9da4fed521c65	0	0	0	0	0	0	0	0	0	0	13	0	0	0	0	0
c7753d5586e8fb82e5cb7927882f52e8	0	0	0	0	0	0	0	0	0	0	0	0	13	0	0	0
2cf370f55e2e4946e4066b24981098d0	0	0	0	0	0	0	0	0	0	0	0	0	13	0	0	0
41a552a89222cf0739bcbeda764fdf45	0	0	0	0	0	0	0	0	0	0	0	0	0	0	0	13
068f06c0d3f0247c19c030863d184a79	0	0	12	0	0	0	0	0	0	0	0	0	0	0	0	0
e684ee27d5f1b76f13b2f7340839790f	0	0	0	12	0	0	0	0	0	0	0	0	0	0	0	0
32ac829ac6fa6ac5837fc2661438be5d	0	0	0	0	0	0	12	0	0	0	0	0	0	0	0	0
235d0f2dc859b548873af39962fcc731	0	0	0	0	0	0	0	0	0	0	0	0	12	0	0	0
2e3240e220acf33dae90c85e837ebb3f	0	0	0	0	0	0	0	0	0	0	0	0	0	12	0	0
1b4bdb82f565ec73af12351149afe02f	0	0	0	11	0	0	0	0	0	0	0	0	0	0	0	0
ac162d7d3ab78344c787a2c0d6a47c5c	0	0	0	0	0	0	0	0	11	0	0	0	0	0	0	0
a5204e0429f93004ccc3f07a0e654b96	0	0	0	0	0	0	0	0	11	0	0	0	0	0	0	0
326374701f3b02a8a8d2e941b122ce2c	0	0	0	0	0	0	0	0	11	0	0	0	0	0	0	0
bcc5b3c192586af36e08e7a464ae0880	0	0	0	0	0	0	0	0	0	0	11	0	0	0	0	0
357ae1d0077c02dd6a1232be9be2d9aa	0	0	0	0	0	0	0	0	0	0	11	0	0	0	0	0
7eaf243662c72ebaa222fe6265013f1e	0	0	0	0	0	0	0	0	0	0	0	11	0	0	0	0
28a57c784bf56784fec7f26c51a95fcb	0	10	0	0	0	0	0	0	0	0	0	0	0	0	0	0
cfbe5b8a6b3849e23e866d5939c40e98	0	0	10	0	0	0	0	0	0	0	0	0	0	0	0	0
79105b019e615edcb5afcf8cd3956f34	0	0	0	10	0	0	0	0	0	0	0	0	0	0	0	0
38412233513385e6580ac72c04977d3a	0	0	0	0	6	0	4	0	0	0	0	0	0	0	0	0
850259a486eff2b7082e10efb0e56d1b	0	0	0	0	0	0	10	0	0	0	0	0	0	0	0	0
f937d25cd8b0fefa69e3a1e5fc2355b6	0	0	0	0	0	0	10	0	0	0	0	0	0	0	0	0
95afac7c32df51c59bed75b0684045bd	0	0	0	0	0	0	0	0	0	10	0	0	0	0	0	0
933e6a599f0540a4d91552ccd4c2f621	0	0	0	0	0	0	0	0	0	0	0	0	10	0	0	0
93d1299d174d8b2035d6ee0387521be6	0	0	0	0	0	0	0	0	0	0	0	0	0	10	0	0
d0d2fa783cb4039e6c218bbee115f1a3	0	0	0	0	0	0	0	0	0	0	0	0	0	0	0	10
6c9937d74cecf21f96fd9eb18bc46cf4	9	0	0	0	0	0	0	0	0	0	0	0	0	0	0	0
d84448e5027fad32784a3c936d174c81	9	0	0	0	0	0	0	0	0	0	0	0	0	0	0	0
e9f2b5a0bcd4b82ee76ec2fc093a7bf7	0	0	0	9	0	0	0	0	0	0	0	0	0	0	0	0
c009dcf589aeb80a1bb6b2094f07ffa6	0	0	0	0	0	9	0	0	0	0	0	0	0	0	0	0
dc78f85a527be0a36652d757b42281c4	0	0	0	0	0	9	0	0	0	0	0	0	0	0	0	0
8691735a8cb91666b51eabf074d263c9	0	0	0	0	0	0	9	0	0	0	0	0	0	0	0	0
dd173fb6fda25ab1834c55ef4f48c70a	0	0	0	0	0	0	0	0	9	0	0	0	0	0	0	0
bc3dcbe83d9ba04687d2259f46045182	0	0	0	0	0	0	0	0	0	0	0	9	0	0	0	0
dfadd62eeef34c855b5abcd171b38844	0	0	0	0	0	0	0	0	0	0	0	0	9	0	0	0
71f8190071d7f3ef925c28d69c0f73ff	0	0	0	0	0	0	0	0	0	0	0	0	0	9	0	0
a74b32f6e5754b185359b29d4b99b68d	0	0	0	0	0	0	0	0	0	0	0	0	0	0	0	9
0505c0186043f19bcb3d8e117bc0f47f	0	0	0	0	0	0	0	0	0	0	0	0	0	0	0	9
76e4d91e05cebd4705debd740e67c8a7	0	0	0	0	0	0	0	0	0	0	0	0	0	0	0	9
8dcd6caaf979d0225964704ea0fc46b5	0	0	0	0	0	0	0	0	0	0	0	0	0	0	0	9
b80a5942b3c8b3bf6622d6c569c0576b	8	0	0	0	0	0	0	0	0	0	0	0	0	0	0	0
303463133bfe70ac0105c2d817280065	0	0	0	0	0	0	8	0	0	0	0	0	0	0	0	0
962214b852901d3a2456ca5cc62b8e84	0	0	0	0	0	0	8	0	0	0	0	0	0	0	0	0
b9096a649df360c14a9747970969e526	0	0	0	0	0	0	8	0	0	0	0	0	0	0	0	0
4d9dbcc20e6d15557c398e58b78748bf	0	0	0	0	0	0	8	0	0	0	0	0	0	0	0	0
a9520d4c81a3426345ef11e551bb18e6	0	0	0	0	0	0	8	0	0	0	0	0	0	0	0	0
ed4cfeca023eafad73334459b7d67185	0	0	0	0	0	0	0	0	0	0	0	8	0	0	0	0
909114f18ad702249e17a10a43988b7b	0	0	0	0	0	0	0	0	0	0	0	0	8	0	0	0
90ef15ec57f10dee92a45509607b24d2	0	0	0	0	0	0	0	0	0	0	0	0	0	8	0	0
f695a717a2df139d59093bebb74bf605	0	0	0	0	0	0	0	0	0	0	0	0	0	8	0	0
f880bcc9b9f9b3594dde7d2c78969f33	0	0	0	7	0	0	0	0	0	0	0	0	0	0	0	0
cb95bd98d333bb2d7facf0899e9692bf	0	0	0	0	0	0	7	0	0	0	0	0	0	0	0	0
dae6702094d04fc28f1f0565263b1cec	0	0	0	0	0	0	0	0	0	0	0	7	0	0	0	0
95e2379e49a7233ffe4f69c43293cadd	0	0	0	0	0	0	0	0	0	0	0	7	0	0	0	0
7bf227b5c75f363da9c4b77c40d41746	0	0	0	0	0	0	0	0	0	0	0	0	0	0	7	0
57f4a6318d61eb5e1cd5e135f4b9b6f5	0	6	0	0	0	0	0	0	0	0	0	0	0	0	0	0
fcd505559d06ea63071241fbd5020077	0	6	0	0	0	0	0	0	0	0	0	0	0	0	0	0
435341649f09fb68ab45d3e3e17ec9a0	0	0	0	6	0	0	0	0	0	0	0	0	0	0	0	0
23c26805be7166ad3e5375fb3476f59e	0	0	0	0	6	0	0	0	0	0	0	0	0	0	0	0
b0a2fd1c3ea7854672a98c79536a0c4d	0	0	0	0	0	0	6	0	0	0	0	0	0	0	0	0
66f7c70d095ebd9524e7eaa9b0ced341	0	0	0	0	0	0	6	0	0	0	0	0	0	0	0	0
f0ddb1e9491c552afe81704f362e8330	0	0	0	0	0	0	6	0	0	0	0	0	0	0	0	0
40442f0db666b9e29c0444f3c48bbed8	0	0	0	0	0	0	6	0	0	0	0	0	0	0	0	0
98a09c694883b5bbb4672121dcca304b	0	0	0	0	0	0	6	0	0	0	0	0	0	0	0	0
105823252eddf07f361784e0440fa543	0	0	0	0	0	0	0	6	0	0	0	0	0	0	0	0
cad43a4ea6469b1f8dcd90322c3cb493	0	0	0	0	0	0	0	0	6	0	0	0	0	0	0	0
b7dfe7cff65614369b667ab9892638d3	0	0	0	0	0	0	0	0	6	0	0	0	0	0	0	0
24eb4d9bc80523df20dd340f5d5e89f0	0	0	0	0	0	0	0	0	0	0	6	0	0	0	0	0
b2721e66238902ec79727675b1be07b0	0	0	0	0	0	0	0	0	0	0	6	0	0	0	0	0
a817c6e1fcc1e537fe39e3d359fcaf37	0	0	0	0	0	0	0	0	0	0	0	6	0	0	0	0
f43c3d25146b0e43bb99cf780c47b487	0	0	0	0	0	0	0	0	0	0	0	0	6	0	0	0
5b6a76a1bb0cb8f883e57b69950be1af	0	0	0	0	0	0	0	0	0	0	0	0	6	0	0	0
2a04fb51b018df030c0ed92ed76e9cb0	0	0	0	0	0	0	0	0	0	0	0	0	0	6	0	0
dfde65c4dc5f8f3314fe53f89d07e803	0	0	0	0	0	0	0	0	0	0	0	0	0	0	6	0
21df1ca7da2f68b7e30a43b7a8452f5b	5	0	0	0	0	0	0	0	0	0	0	0	0	0	0	0
f9295262e1147e5dbc74a641d05df9ed	5	0	0	0	0	0	0	0	0	0	0	0	0	0	0	0
81215394f9c71cf4d743e0737c074b60	5	0	0	0	0	0	0	0	0	0	0	0	0	0	0	0
edaf15e2b2063b70ef255d16f3ef3a16	5	0	0	0	0	0	0	0	0	0	0	0	0	0	0	0
0222498dd124de5863aa51677a7d7acf	0	0	0	5	0	0	0	0	0	0	0	0	0	0	0	0
43ca145bc903f215fe58184fb8ac383f	0	0	0	0	5	0	0	0	0	0	0	0	0	0	0	0
0052eed80d1ddd348ce13c0e08278b07	0	0	0	0	0	5	0	0	0	0	0	0	0	0	0	0
770cdcd32858c53f1643462a2a068a53	0	0	0	0	0	0	5	0	0	0	0	0	0	0	0	0
014645f8fdbdff6f44d9be627b8de861	0	0	0	0	0	0	5	0	0	0	0	0	0	0	0	0
d55cb328f0a44d3599ae7800ef6df003	0	0	0	0	0	0	5	0	0	0	0	0	0	0	0	0
3dfcd891d73bf2f7c08efac90123b616	0	0	0	0	0	0	0	0	5	0	0	0	0	0	0	0
31326c97300055c02c09987664f26b5d	0	0	0	0	0	0	0	0	0	0	5	0	0	0	0	0
d2dfe7de0245b76e5ff9c9b8718462bc	0	0	0	0	0	0	0	0	0	0	5	0	0	0	0	0
af83c6f8848ca0cced77686972ec254f	0	0	0	0	0	0	0	0	0	0	0	0	5	0	0	0
169e4185d9f2e715933551886e1f89e0	0	0	0	0	0	0	0	0	0	0	0	0	0	0	0	5
06b1434e6f7ceae611c7eb8f20ac391f	0	0	0	0	0	0	0	0	0	0	0	0	0	0	0	5
72ebff0921128b90367c6d92ead74122	0	4	0	0	0	0	0	0	0	0	0	0	0	0	0	0
57d68d1b26fae6aebf797930fbb800f4	0	4	0	0	0	0	0	0	0	0	0	0	0	0	0	0
cf47619efe85c9b7afc735963b75ac9e	0	0	0	4	0	0	0	0	0	0	0	0	0	0	0	0
43a90fdcda6658f6b6722646003499fc	0	0	0	0	4	0	0	0	0	0	0	0	0	0	0	0
cc6cf09457fdb3a3487747505689ffe3	0	0	0	0	4	0	0	0	0	0	0	0	0	0	0	0
e792a999b05a210c53f3ca26a919769f	0	0	0	0	0	4	0	0	0	0	0	0	0	0	0	0
bae52ae1bba6ffa878f35f8e537254d4	0	0	0	0	0	0	4	0	0	0	0	0	0	0	0	0
eadb8f91e5f4fc616e3a04b2d6911d2e	0	0	0	0	0	0	4	0	0	0	0	0	0	0	0	0
5fa19ab965bdc1a227e251b56355c8e1	0	0	0	0	0	0	4	0	0	0	0	0	0	0	0	0
fd2f15655052f051fbdd3ccc255d4bf8	0	0	0	0	0	0	4	0	0	0	0	0	0	0	0	0
f5d968da0472509392c6980c3e864aa2	0	0	0	0	0	0	0	0	4	0	0	0	0	0	0	0
741e38c434f64ce3334cffc4ecaed759	0	0	0	0	0	0	0	0	4	0	0	0	0	0	0	0
70399b8c2a092207b95f80a13f74a654	0	0	0	0	0	0	0	0	4	0	0	0	0	0	0	0
f46c9501d281d294c6c8d820ee785579	0	0	0	0	0	0	0	0	0	0	4	0	0	0	0	0
7826826a9c62e51aa9ac8742d3911120	0	0	0	0	0	0	0	0	0	0	4	0	0	0	0	0
a5fbd06f20324d4eec705ce15a70dec8	0	0	0	0	0	0	0	0	0	0	0	4	0	0	0	0
f4fb0a6fffb4af8d8ed8bdee2f03f7cf	0	0	0	0	0	0	0	0	0	0	0	0	4	0	0	0
0a0a13fd60fc4e53735f6e66649c86d5	0	0	0	0	0	0	0	0	0	0	0	0	4	0	0	0
f4293bb1cdd15e641d904dc38db9cb10	0	0	0	0	0	0	0	0	0	0	0	0	4	0	0	0
f3d79ad9ecf68b4cd6b441d1f9eb77c3	0	0	0	0	0	0	0	0	0	0	0	0	0	0	0	4
e5a74bb7e100c035054d4e88a24b3800	0	0	0	0	0	0	0	0	0	0	0	0	0	0	0	4
aa9f6a7e98e61fd31eb0667e60aa8c78	0	0	0	0	0	0	0	0	0	0	0	0	0	0	0	4
775360864983b9feac9d5511f5506428	0	0	0	0	0	0	0	0	0	0	0	0	0	0	0	4
dda93ce803a51b62889dd5534e454029	3	0	0	0	0	0	0	0	0	0	0	0	0	0	0	0
b69e849a59575c689355ae4bbded32bf	3	0	0	0	0	0	0	0	0	0	0	0	0	0	0	0
d6398a852d6054cfad1b8c4776d326bb	0	3	0	0	0	0	0	0	0	0	0	0	0	0	0	0
1225479f1916c85fd8df5c0368c75cfd	0	3	0	0	0	0	0	0	0	0	0	0	0	0	0	0
b34c1e7b9dc98268fadb3f270a4ac6af	0	3	0	0	0	0	0	0	0	0	0	0	0	0	0	0
a77cfe05997d22aafbcd91acce1ae1a0	0	3	0	0	0	0	0	0	0	0	0	0	0	0	0	0
89ad8180c920658b5e29616ebd24dbc2	0	3	0	0	0	0	0	0	0	0	0	0	0	0	0	0
4f2fb9b60b8216c87f248f7b6dc0a4a4	0	0	0	3	0	0	0	0	0	0	0	0	0	0	0	0
aae2314ccb6d46a9c60e8933c821db08	0	0	0	3	0	0	0	0	0	0	0	0	0	0	0	0
b77e8068a8f6c7713e024c0132bb87f8	0	0	0	0	0	0	3	0	0	0	0	0	0	0	0	0
e4763e75b9066c90fd580c5a94daf546	0	0	0	0	0	0	3	0	0	0	0	0	0	0	0	0
c611de87a92b43b7c49775e8d98fe14b	0	0	0	0	0	0	3	0	0	0	0	0	0	0	0	0
ad1c34309278c2c67888042f8f2faf23	0	0	0	0	0	0	3	0	0	0	0	0	0	0	0	0
b5d91a379532d10993010bcf40d9865f	0	0	0	0	0	0	3	0	0	0	0	0	0	0	0	0
81c28c9932946eae60153d5525145945	0	0	0	0	0	0	3	0	0	0	0	0	0	0	0	0
37912c611f3eb3b1c82b74cc7a97584f	0	0	0	0	0	0	3	0	0	0	0	0	0	0	0	0
600289e114a8562ae5565a64c9794feb	0	0	0	0	0	0	3	0	0	0	0	0	0	0	0	0
2f2e29e498ef2fc5bab523c6c5addd08	0	0	0	0	0	0	3	0	0	0	0	0	0	0	0	0
991d4d0fc1796c85542db05173f35626	0	0	0	0	0	0	0	0	3	0	0	0	0	0	0	0
cd06747203dd9a5258ffc83f41511c01	0	0	0	0	0	0	0	0	3	0	0	0	0	0	0	0
e09f16093c75270dbfa6edc8257d24dc	0	0	0	0	0	0	0	0	3	0	0	0	0	0	0	0
516cca5b9b0ec4585643ad526b2fafc2	0	0	0	0	0	0	0	0	3	0	0	0	0	0	0	0
10d8f6bf6030ee076d37c44200bb2744	0	0	0	0	0	0	0	0	0	0	3	0	0	0	0	0
bd55449c9e9953276ee2084ad91afada	0	0	0	0	0	0	0	0	0	0	3	0	0	0	0	0
51bf6556e2f13ab29927a03da700d032	0	0	0	0	0	0	0	0	0	0	3	0	0	0	0	0
f48c620782b09c3e521ab671394b18c0	0	0	0	0	0	0	0	0	0	0	0	0	0	0	0	3
f47495843849baf543d2ccb666a6fa00	0	0	0	0	0	0	0	0	0	0	0	0	0	0	0	3
3e0b11f092191e616ec1aa286ce8e76f	0	0	0	0	0	0	0	0	0	0	0	0	0	0	0	3
eabaf2cda5b3d1e0037d2c6d43a6edc1	2	0	0	0	0	0	0	0	0	0	0	0	0	0	0	0
533568f8a6e1f5af281d544165cae0b3	0	2	0	0	0	0	0	0	0	0	0	0	0	0	0	0
823ee3eb36cba815263195c7892b7550	0	2	0	0	0	0	0	0	0	0	0	0	0	0	0	0
1b35ed3bf6cecd06d2eb46486cd82d7b	0	2	0	0	0	0	0	0	0	0	0	0	0	0	0	0
412eb6faf5f623ca523f19baa743f006	0	0	0	2	0	0	0	0	0	0	0	0	0	0	0	0
ef97875493f78001e8e159f90f4c7325	0	0	0	2	0	0	0	0	0	0	0	0	0	0	0	0
4b0548e6c85ecb08b086554d95d6eb7a	0	0	0	2	0	0	0	0	0	0	0	0	0	0	0	0
e7c829346a23e6c20a89682d9aba6322	0	0	0	2	0	0	0	0	0	0	0	0	0	0	0	0
79c32ac8f1884e8d485bf03a535be467	0	0	0	2	0	0	0	0	0	0	0	0	0	0	0	0
333761f65084ed46a5de28f3bee88ca6	0	0	0	0	2	0	0	0	0	0	0	0	0	0	0	0
4608e6db7e927d310c40795f66b3851c	0	0	0	0	0	0	2	0	0	0	0	0	0	0	0	0
3840a46a140e86c5b4d5b2f70b5718ed	0	0	0	0	0	0	2	0	0	0	0	0	0	0	0	0
9521941bf02bab26a79ef522e7a91642	0	0	0	0	0	0	2	0	0	0	0	0	0	0	0	0
cc1f1598e87e9b55e0f161f90502144e	0	0	0	0	0	0	2	0	0	0	0	0	0	0	0	0
dddc992ffaf1fb74c3024845efc2e653	0	0	0	0	0	0	2	0	0	0	0	0	0	0	0	0
63c48b88735cb4f6e812c9fd943052ab	0	0	0	0	0	0	0	0	2	0	0	0	0	0	0	0
ba4dbb320f90616e6607bd47abf9f90e	0	0	0	0	0	0	0	0	2	0	0	0	0	0	0	0
499895ffd2302f2046eabf6b43fb0cd8	0	0	0	0	0	0	0	0	2	0	0	0	0	0	0	0
77ae78d38ff350bd1d0fc18fa44b8985	0	0	0	0	0	0	0	0	0	0	0	2	0	0	0	0
eefa46998d9a45120439c61b3d06f713	0	0	0	0	0	0	0	0	0	0	0	0	2	0	0	0
15929db99baca719172e3cbb7e71bf11	0	0	0	0	0	0	0	0	0	0	0	0	2	0	0	0
1b28f594e53c82df505214e7552a4367	0	0	0	0	0	0	0	0	0	0	0	0	0	0	0	2
908c8f51538ec1d69477b9e9f66ca928	0	0	0	0	0	0	0	0	0	0	0	0	0	0	0	2
cf6e91fc70a1adb5ee2083b20b4ffb63	0	0	0	1	0	0	0	0	0	0	0	0	0	0	0	0
9eb9c1786466e4470b87558b8d0ef4e5	0	0	0	0	0	0	1	0	0	0	0	0	0	0	0	0
7209fdc870b4fa471c6d8af4166ba93b	0	0	0	0	0	0	1	0	0	0	0	0	0	0	0	0
8726b7d7688a2716030501be3eef9085	0	0	0	0	0	0	0	0	1	0	0	0	0	0	0	0
2ce1bf818d559f3278b099227102e52b	0	0	0	0	0	0	0	0	0	0	1	0	0	0	0	0
9d818bb7cd3be7d3e34cf16513cf5493	0	0	0	0	0	0	0	0	0	0	0	1	0	0	0	0
e1c9b6d864f8a8eb01b4d380dbd9597f	0	0	0	0	0	0	0	0	0	0	0	0	0	1	0	0
7bd43877f229da140327426f79fb86a3	0	0	0	0	0	0	0	0	0	0	0	0	0	1	0	0
e42c09b2274866b9e4a6da2783206cce	0	0	0	0	0	0	0	0	0	0	0	0	0	0	0	1
